file,line,type,commit,author,date,time,timezone,datetime,depth,length
style.css,1,css,1863caa8,Diego Menchaca,2026-04-07,14:31:27,-07:00,2026-04-07T14:31:27-07:00,0,18
style.css,2,css,68c6fc2e,Diego Menchaca,2026-04-05,11:57:28,-07:00,2026-04-05T11:57:28-07:00,0,0
style.css,3,css,d211a2c7,Diego Menchaca,2026-04-16,12:29:36,-07:00,2026-04-16T12:29:36-07:00,0,4
style.css,4,css,d211a2c7,Diego Menchaca,2026-04-16,12:29:36,-07:00,2026-04-16T12:29:36-07:00,1,23
style.css,5,css,d211a2c7,Diego Menchaca,2026-04-16,12:29:36,-07:00,2026-04-16T12:29:36-07:00,0,0
style.css,6,css,d211a2c7,Diego Menchaca,2026-04-16,12:29:36,-07:00,2026-04-16T12:29:36-07:00,0,0
style.css,7,css,93a1ba39,Diego Menchaca,2026-04-04,20:27:13,-07:00,2026-04-04T20:27:13-07:00,0,5
style.css,8,css,93a1ba39,Diego Menchaca,2026-04-04,20:27:13,-07:00,2026-04-04T20:27:13-07:00,1,33
style.css,9,css,93a1ba39,Diego Menchaca,2026-04-04,20:27:13,-07:00,2026-04-04T20:27:13-07:00,0,0
style.css,10,css,93a1ba39,Diego Menchaca,2026-04-04,20:27:13,-07:00,2026-04-04T20:27:13-07:00,0,0
style.css,11,css,93a1ba39,Diego Menchaca,2026-04-04,20:27:13,-07:00,2026-04-04T20:27:13-07:00,0,3
style.css,12,css,d211a2c7,Diego Menchaca,2026-04-16,12:29:36,-07:00,2026-04-16T12:29:36-07:00,1,39
style.css,13,css,93a1ba39,Diego Menchaca,2026-04-04,20:27:13,-07:00,2026-04-04T20:27:13-07:00,1,12
style.css,14,css,93a1ba39,Diego Menchaca,2026-04-04,20:27:13,-07:00,2026-04-04T20:27:13-07:00,1,17
style.css,15,css,d211a2c7,Diego Menchaca,2026-04-16,12:29:36,-07:00,2026-04-16T12:29:36-07:00,1,43
style.css,16,css,93a1ba39,Diego Menchaca,2026-04-04,20:27:13,-07:00,2026-04-04T20:27:13-07:00,0,0
style.css,17,css,93a1ba39,Diego Menchaca,2026-04-04,20:27:13,-07:00,2026-04-04T20:27:13-07:00,0,0
style.css,18,css,93a1ba39,Diego Menchaca,2026-04-04,20:27:13,-07:00,2026-04-04T20:27:13-07:00,0,5
style.css,19,css,93a1ba39,Diego Menchaca,2026-04-04,20:27:13,-07:00,2026-04-04T20:27:13-07:00,1,6
style.css,20,css,93a1ba39,Diego Menchaca,2026-04-04,20:27:13,-07:00,2026-04-04T20:27:13-07:00,1,20
style.css,21,css,93a1ba39,Diego Menchaca,2026-04-04,20:27:13,-07:00,2026-04-04T20:27:13-07:00,1,13
style.css,22,css,93a1ba39,Diego Menchaca,2026-04-04,20:27:13,-07:00,2026-04-04T20:27:13-07:00,1,17
style.css,23,css,93a1ba39,Diego Menchaca,2026-04-04,20:27:13,-07:00,2026-04-04T20:27:13-07:00,1,13
style.css,24,css,93a1ba39,Diego Menchaca,2026-04-04,20:27:13,-07:00,2026-04-04T20:27:13-07:00,0,0
style.css,25,css,93a1ba39,Diego Menchaca,2026-04-04,20:27:13,-07:00,2026-04-04T20:27:13-07:00,0,0
style.css,26,css,93a1ba39,Diego Menchaca,2026-04-04,20:27:13,-07:00,2026-04-04T20:27:13-07:00,0,13
style.css,27,css,93a1ba39,Diego Menchaca,2026-04-04,20:27:13,-07:00,2026-04-04T20:27:13-07:00,1,43
style.css,28,css,93a1ba39,Diego Menchaca,2026-04-04,20:27:13,-07:00,2026-04-04T20:27:13-07:00,1,20
style.css,29,css,93a1ba39,Diego Menchaca,2026-04-04,20:27:13,-07:00,2026-04-04T20:27:13-07:00,0,0
style.css,30,css,93a1ba39,Diego Menchaca,2026-04-04,20:27:13,-07:00,2026-04-04T20:27:13-07:00,0,0
style.css,31,css,93a1ba39,Diego Menchaca,2026-04-04,20:27:13,-07:00,2026-04-04T20:27:13-07:00,0,11
style.css,32,css,93a1ba39,Diego Menchaca,2026-04-04,20:27:13,-07:00,2026-04-04T20:27:13-07:00,1,45
style.css,33,css,93a1ba39,Diego Menchaca,2026-04-04,20:27:13,-07:00,2026-04-04T20:27:13-07:00,1,20
style.css,34,css,d211a2c7,Diego Menchaca,2026-04-16,12:29:36,-07:00,2026-04-16T12:29:36-07:00,1,69
style.css,35,css,93a1ba39,Diego Menchaca,2026-04-04,20:27:13,-07:00,2026-04-04T20:27:13-07:00,0,0
style.css,36,css,93a1ba39,Diego Menchaca,2026-04-04,20:27:13,-07:00,2026-04-04T20:27:13-07:00,0,0
style.css,37,css,d211a2c7,Diego Menchaca,2026-04-16,12:29:36,-07:00,2026-04-16T12:29:36-07:00,0,31
style.css,38,css,93a1ba39,Diego Menchaca,2026-04-04,20:27:13,-07:00,2026-04-04T20:27:13-07:00,1,12
style.css,39,css,93a1ba39,Diego Menchaca,2026-04-04,20:27:13,-07:00,2026-04-04T20:27:13-07:00,0,0
style.css,40,css,93a1ba39,Diego Menchaca,2026-04-04,20:27:13,-07:00,2026-04-04T20:27:13-07:00,0,0
style.css,41,css,93a1ba39,Diego Menchaca,2026-04-04,20:27:13,-07:00,2026-04-04T20:27:13-07:00,0,9
style.css,42,css,93a1ba39,Diego Menchaca,2026-04-04,20:27:13,-07:00,2026-04-04T20:27:13-07:00,1,12
style.css,43,css,93a1ba39,Diego Menchaca,2026-04-04,20:27:13,-07:00,2026-04-04T20:27:13-07:00,1,58
style.css,44,css,93a1ba39,Diego Menchaca,2026-04-04,20:27:13,-07:00,2026-04-04T20:27:13-07:00,1,7
style.css,45,css,93a1ba39,Diego Menchaca,2026-04-04,20:27:13,-07:00,2026-04-04T20:27:13-07:00,0,0
style.css,46,css,93a1ba39,Diego Menchaca,2026-04-04,20:27:13,-07:00,2026-04-04T20:27:13-07:00,0,0
style.css,47,css,93a1ba39,Diego Menchaca,2026-04-04,20:27:13,-07:00,2026-04-04T20:27:13-07:00,0,17
style.css,48,css,93a1ba39,Diego Menchaca,2026-04-04,20:27:13,-07:00,2026-04-04T20:27:13-07:00,1,12
style.css,49,css,93a1ba39,Diego Menchaca,2026-04-04,20:27:13,-07:00,2026-04-04T20:27:13-07:00,1,26
style.css,50,css,93a1ba39,Diego Menchaca,2026-04-04,20:27:13,-07:00,2026-04-04T20:27:13-07:00,1,15
style.css,51,css,93a1ba39,Diego Menchaca,2026-04-04,20:27:13,-07:00,2026-04-04T20:27:13-07:00,0,0
style.css,52,css,93a1ba39,Diego Menchaca,2026-04-04,20:27:13,-07:00,2026-04-04T20:27:13-07:00,0,0
style.css,53,css,93a1ba39,Diego Menchaca,2026-04-04,20:27:13,-07:00,2026-04-04T20:27:13-07:00,0,20
style.css,54,css,93a1ba39,Diego Menchaca,2026-04-04,20:27:13,-07:00,2026-04-04T20:27:13-07:00,1,8
style.css,55,css,93a1ba39,Diego Menchaca,2026-04-04,20:27:13,-07:00,2026-04-04T20:27:13-07:00,0,0
style.css,56,css,93a1ba39,Diego Menchaca,2026-04-04,20:27:13,-07:00,2026-04-04T20:27:13-07:00,0,0
style.css,57,css,93b2a8ed,Diego Menchaca,2026-04-30,21:45:04,-07:00,2026-04-30T21:45:04-07:00,0,10
style.css,58,css,93b2a8ed,Diego Menchaca,2026-04-30,21:45:04,-07:00,2026-04-30T21:45:04-07:00,1,12
style.css,59,css,93b2a8ed,Diego Menchaca,2026-04-30,21:45:04,-07:00,2026-04-30T21:45:04-07:00,1,18
style.css,60,css,93b2a8ed,Diego Menchaca,2026-04-30,21:45:04,-07:00,2026-04-30T21:45:04-07:00,1,7
style.css,61,css,9df0a019,Diego Menchaca,2026-04-30,21:08:15,-07:00,2026-04-30T21:08:15-07:00,1,16
style.css,62,css,93b2a8ed,Diego Menchaca,2026-04-30,21:45:04,-07:00,2026-04-30T21:45:04-07:00,0,0
style.css,63,css,93b2a8ed,Diego Menchaca,2026-04-30,21:45:04,-07:00,2026-04-30T21:45:04-07:00,0,0
style.css,64,css,93b2a8ed,Diego Menchaca,2026-04-30,21:45:04,-07:00,2026-04-30T21:45:04-07:00,0,18
style.css,65,css,93b2a8ed,Diego Menchaca,2026-04-30,21:45:04,-07:00,2026-04-30T21:45:04-07:00,1,21
style.css,66,css,9df0a019,Diego Menchaca,2026-04-30,21:08:15,-07:00,2026-04-30T21:08:15-07:00,1,16
style.css,67,css,9df0a019,Diego Menchaca,2026-04-30,21:08:15,-07:00,2026-04-30T21:08:15-07:00,0,0
style.css,68,css,9df0a019,Diego Menchaca,2026-04-30,21:08:15,-07:00,2026-04-30T21:08:15-07:00,0,0
style.css,69,css,93b2a8ed,Diego Menchaca,2026-04-30,21:45:04,-07:00,2026-04-30T21:45:04-07:00,0,7
style.css,70,css,93b2a8ed,Diego Menchaca,2026-04-30,21:45:04,-07:00,2026-04-30T21:45:04-07:00,1,6
style.css,71,css,93b2a8ed,Diego Menchaca,2026-04-30,21:45:04,-07:00,2026-04-30T21:45:04-07:00,1,12
style.css,72,css,93b2a8ed,Diego Menchaca,2026-04-30,21:45:04,-07:00,2026-04-30T21:45:04-07:00,1,57
style.css,73,css,93b2a8ed,Diego Menchaca,2026-04-30,21:45:04,-07:00,2026-04-30T21:45:04-07:00,1,16
style.css,74,css,93b2a8ed,Diego Menchaca,2026-04-30,21:45:04,-07:00,2026-04-30T21:45:04-07:00,1,15
style.css,75,css,93b2a8ed,Diego Menchaca,2026-04-30,21:45:04,-07:00,2026-04-30T21:45:04-07:00,1,13
style.css,76,css,93b2a8ed,Diego Menchaca,2026-04-30,21:45:04,-07:00,2026-04-30T21:45:04-07:00,1,8
style.css,77,css,93b2a8ed,Diego Menchaca,2026-04-30,21:45:04,-07:00,2026-04-30T21:45:04-07:00,1,41
style.css,78,css,93b2a8ed,Diego Menchaca,2026-04-30,21:45:04,-07:00,2026-04-30T21:45:04-07:00,1,19
style.css,79,css,93b2a8ed,Diego Menchaca,2026-04-30,21:45:04,-07:00,2026-04-30T21:45:04-07:00,0,0
style.css,80,css,93b2a8ed,Diego Menchaca,2026-04-30,21:45:04,-07:00,2026-04-30T21:45:04-07:00,0,0
style.css,81,css,93b2a8ed,Diego Menchaca,2026-04-30,21:45:04,-07:00,2026-04-30T21:45:04-07:00,0,10
style.css,82,css,93b2a8ed,Diego Menchaca,2026-04-30,21:45:04,-07:00,2026-04-30T21:45:04-07:00,1,12
style.css,83,css,93b2a8ed,Diego Menchaca,2026-04-30,21:45:04,-07:00,2026-04-30T21:45:04-07:00,1,18
style.css,84,css,93b2a8ed,Diego Menchaca,2026-04-30,21:45:04,-07:00,2026-04-30T21:45:04-07:00,1,9
style.css,85,css,93b2a8ed,Diego Menchaca,2026-04-30,21:45:04,-07:00,2026-04-30T21:45:04-07:00,0,0
style.css,86,css,93b2a8ed,Diego Menchaca,2026-04-30,21:45:04,-07:00,2026-04-30T21:45:04-07:00,0,0
style.css,87,css,93b2a8ed,Diego Menchaca,2026-04-30,21:45:04,-07:00,2026-04-30T21:45:04-07:00,0,7
style.css,88,css,93b2a8ed,Diego Menchaca,2026-04-30,21:45:04,-07:00,2026-04-30T21:45:04-07:00,1,20
style.css,89,css,93b2a8ed,Diego Menchaca,2026-04-30,21:45:04,-07:00,2026-04-30T21:45:04-07:00,1,9
style.css,90,css,93b2a8ed,Diego Menchaca,2026-04-30,21:45:04,-07:00,2026-04-30T21:45:04-07:00,1,18
style.css,91,css,93b2a8ed,Diego Menchaca,2026-04-30,21:45:04,-07:00,2026-04-30T21:45:04-07:00,1,29
style.css,92,css,93b2a8ed,Diego Menchaca,2026-04-30,21:45:04,-07:00,2026-04-30T21:45:04-07:00,1,17
style.css,93,css,93b2a8ed,Diego Menchaca,2026-04-30,21:45:04,-07:00,2026-04-30T21:45:04-07:00,1,13
style.css,94,css,93b2a8ed,Diego Menchaca,2026-04-30,21:45:04,-07:00,2026-04-30T21:45:04-07:00,0,0
style.css,95,css,93b2a8ed,Diego Menchaca,2026-04-30,21:45:04,-07:00,2026-04-30T21:45:04-07:00,0,0
style.css,96,css,93b2a8ed,Diego Menchaca,2026-04-30,21:45:04,-07:00,2026-04-30T21:45:04-07:00,0,10
style.css,97,css,93b2a8ed,Diego Menchaca,2026-04-30,21:45:04,-07:00,2026-04-30T21:45:04-07:00,1,19
style.css,98,css,93b2a8ed,Diego Menchaca,2026-04-30,21:45:04,-07:00,2026-04-30T21:45:04-07:00,0,0
style.css,99,css,93b2a8ed,Diego Menchaca,2026-04-30,21:45:04,-07:00,2026-04-30T21:45:04-07:00,0,0
style.css,100,css,93b2a8ed,Diego Menchaca,2026-04-30,21:45:04,-07:00,2026-04-30T21:45:04-07:00,0,4
style.css,101,css,93b2a8ed,Diego Menchaca,2026-04-30,21:45:04,-07:00,2026-04-30T21:45:04-07:00,1,16
style.css,102,css,93b2a8ed,Diego Menchaca,2026-04-30,21:45:04,-07:00,2026-04-30T21:45:04-07:00,1,14
style.css,103,css,93b2a8ed,Diego Menchaca,2026-04-30,21:45:04,-07:00,2026-04-30T21:45:04-07:00,0,0
style.css,104,css,93b2a8ed,Diego Menchaca,2026-04-30,21:45:04,-07:00,2026-04-30T21:45:04-07:00,0,0
style.css,105,css,93b2a8ed,Diego Menchaca,2026-04-30,21:45:04,-07:00,2026-04-30T21:45:04-07:00,0,36
style.css,106,css,93b2a8ed,Diego Menchaca,2026-04-30,21:45:04,-07:00,2026-04-30T21:45:04-07:00,1,11
style.css,107,css,93b2a8ed,Diego Menchaca,2026-04-30,21:45:04,-07:00,2026-04-30T21:45:04-07:00,0,0
style.css,108,css,93b2a8ed,Diego Menchaca,2026-04-30,21:45:04,-07:00,2026-04-30T21:45:04-07:00,0,0
style.css,109,css,93b2a8ed,Diego Menchaca,2026-04-30,21:45:04,-07:00,2026-04-30T21:45:04-07:00,0,9
style.css,110,css,93b2a8ed,Diego Menchaca,2026-04-30,21:45:04,-07:00,2026-04-30T21:45:04-07:00,1,35
style.css,111,css,93b2a8ed,Diego Menchaca,2026-04-30,21:45:04,-07:00,2026-04-30T21:45:04-07:00,0,0
style.css,112,css,93b2a8ed,Diego Menchaca,2026-04-30,21:45:04,-07:00,2026-04-30T21:45:04-07:00,1,10
style.css,113,css,93b2a8ed,Diego Menchaca,2026-04-30,21:45:04,-07:00,2026-04-30T21:45:04-07:00,2,17
style.css,114,css,93b2a8ed,Diego Menchaca,2026-04-30,21:45:04,-07:00,2026-04-30T21:45:04-07:00,1,0
style.css,115,css,93b2a8ed,Diego Menchaca,2026-04-30,21:45:04,-07:00,2026-04-30T21:45:04-07:00,0,0
style.css,116,css,93b2a8ed,Diego Menchaca,2026-04-30,21:45:04,-07:00,2026-04-30T21:45:04-07:00,0,0
style.css,117,css,9df0a019,Diego Menchaca,2026-04-30,21:08:15,-07:00,2026-04-30T21:08:15-07:00,0,13
style.css,118,css,9df0a019,Diego Menchaca,2026-04-30,21:08:15,-07:00,2026-04-30T21:08:15-07:00,1,30
style.css,119,css,9df0a019,Diego Menchaca,2026-04-30,21:08:15,-07:00,2026-04-30T21:08:15-07:00,1,34
style.css,120,css,9df0a019,Diego Menchaca,2026-04-30,21:08:15,-07:00,2026-04-30T21:08:15-07:00,1,23
style.css,121,css,9df0a019,Diego Menchaca,2026-04-30,21:08:15,-07:00,2026-04-30T21:08:15-07:00,1,8
style.css,122,css,9df0a019,Diego Menchaca,2026-04-30,21:08:15,-07:00,2026-04-30T21:08:15-07:00,0,0
style.css,123,css,9df0a019,Diego Menchaca,2026-04-30,21:08:15,-07:00,2026-04-30T21:08:15-07:00,0,0
style.css,124,css,93a1ba39,Diego Menchaca,2026-04-04,20:27:13,-07:00,2026-04-04T20:27:13-07:00,0,4
style.css,125,css,93a1ba39,Diego Menchaca,2026-04-04,20:27:13,-07:00,2026-04-04T20:27:13-07:00,1,12
style.css,126,css,93a1ba39,Diego Menchaca,2026-04-04,20:27:13,-07:00,2026-04-04T20:27:13-07:00,1,30
style.css,127,css,93a1ba39,Diego Menchaca,2026-04-04,20:27:13,-07:00,2026-04-04T20:27:13-07:00,1,7
style.css,128,css,93a1ba39,Diego Menchaca,2026-04-04,20:27:13,-07:00,2026-04-04T20:27:13-07:00,0,0
style.css,129,css,93a1ba39,Diego Menchaca,2026-04-04,20:27:13,-07:00,2026-04-04T20:27:13-07:00,0,0
style.css,130,css,93a1ba39,Diego Menchaca,2026-04-04,20:27:13,-07:00,2026-04-04T20:27:13-07:00,0,5
style.css,131,css,93a1ba39,Diego Menchaca,2026-04-04,20:27:13,-07:00,2026-04-04T20:27:13-07:00,1,12
style.css,132,css,93a1ba39,Diego Menchaca,2026-04-04,20:27:13,-07:00,2026-04-04T20:27:13-07:00,1,29
style.css,133,css,93a1ba39,Diego Menchaca,2026-04-04,20:27:13,-07:00,2026-04-04T20:27:13-07:00,1,18
style.css,134,css,93a1ba39,Diego Menchaca,2026-04-04,20:27:13,-07:00,2026-04-04T20:27:13-07:00,0,0
style.css,135,css,93a1ba39,Diego Menchaca,2026-04-04,20:27:13,-07:00,2026-04-04T20:27:13-07:00,0,0
style.css,136,css,93a1ba39,Diego Menchaca,2026-04-04,20:27:13,-07:00,2026-04-04T20:27:13-07:00,0,11
style.css,137,css,93a1ba39,Diego Menchaca,2026-04-04,20:27:13,-07:00,2026-04-04T20:27:13-07:00,1,18
style.css,138,css,93a1ba39,Diego Menchaca,2026-04-04,20:27:13,-07:00,2026-04-04T20:27:13-07:00,0,0
style.css,139,css,93a1ba39,Diego Menchaca,2026-04-04,20:27:13,-07:00,2026-04-04T20:27:13-07:00,0,0
style.css,140,css,93a1ba39,Diego Menchaca,2026-04-04,20:27:13,-07:00,2026-04-04T20:27:13-07:00,0,22
style.css,141,css,93a1ba39,Diego Menchaca,2026-04-04,20:27:13,-07:00,2026-04-04T20:27:13-07:00,1,15
style.css,142,css,93a1ba39,Diego Menchaca,2026-04-04,20:27:13,-07:00,2026-04-04T20:27:13-07:00,1,17
style.css,143,css,93a1ba39,Diego Menchaca,2026-04-04,20:27:13,-07:00,2026-04-04T20:27:13-07:00,0,0
style.css,144,css,93a1ba39,Diego Menchaca,2026-04-04,20:27:13,-07:00,2026-04-04T20:27:13-07:00,1,8
style.css,145,css,93a1ba39,Diego Menchaca,2026-04-04,20:27:13,-07:00,2026-04-04T20:27:13-07:00,2,14
style.css,146,css,93a1ba39,Diego Menchaca,2026-04-04,20:27:13,-07:00,2026-04-04T20:27:13-07:00,1,0
style.css,147,css,93a1ba39,Diego Menchaca,2026-04-04,20:27:13,-07:00,2026-04-04T20:27:13-07:00,0,0
style.css,148,css,93a1ba39,Diego Menchaca,2026-04-04,20:27:13,-07:00,2026-04-04T20:27:13-07:00,0,0
style.css,149,css,6b1da9e0,Diego Menchaca,2026-04-03,17:20:01,-07:00,2026-04-03T17:20:01-07:00,0,4
style.css,150,css,6e4a6453,Diego Menchaca,2026-04-04,20:04:23,-07:00,2026-04-04T20:04:23-07:00,1,43
style.css,151,css,6e4a6453,Diego Menchaca,2026-04-04,20:04:23,-07:00,2026-04-04T20:04:23-07:00,0,42
style.css,152,css,6e4a6453,Diego Menchaca,2026-04-04,20:04:23,-07:00,2026-04-04T20:04:23-07:00,0,0
style.css,153,css,6b1da9e0,Diego Menchaca,2026-04-03,17:20:01,-07:00,2026-04-03T17:20:01-07:00,1,23
style.css,154,css,93a1ba39,Diego Menchaca,2026-04-04,20:27:13,-07:00,2026-04-04T20:27:13-07:00,1,15
style.css,155,css,93a1ba39,Diego Menchaca,2026-04-04,20:27:13,-07:00,2026-04-04T20:27:13-07:00,1,18
style.css,156,css,93a1ba39,Diego Menchaca,2026-04-04,20:27:13,-07:00,2026-04-04T20:27:13-07:00,1,19
style.css,157,css,93a1ba39,Diego Menchaca,2026-04-04,20:27:13,-07:00,2026-04-04T20:27:13-07:00,1,32
style.css,158,css,68c6fc2e,Diego Menchaca,2026-04-05,11:57:28,-07:00,2026-04-05T11:57:28-07:00,0,0
style.css,159,css,68c6fc2e,Diego Menchaca,2026-04-05,11:57:28,-07:00,2026-04-05T11:57:28-07:00,0,0
style.css,160,css,1863caa8,Diego Menchaca,2026-04-07,14:31:27,-07:00,2026-04-07T14:31:27-07:00,0,20
style.css,161,css,68c6fc2e,Diego Menchaca,2026-04-05,11:57:28,-07:00,2026-04-05T11:57:28-07:00,0,14
style.css,162,css,68c6fc2e,Diego Menchaca,2026-04-05,11:57:28,-07:00,2026-04-05T11:57:28-07:00,0,10
style.css,163,css,68c6fc2e,Diego Menchaca,2026-04-05,11:57:28,-07:00,2026-04-05T11:57:28-07:00,1,12
style.css,164,css,68c6fc2e,Diego Menchaca,2026-04-05,11:57:28,-07:00,2026-04-05T11:57:28-07:00,1,14
style.css,165,css,68c6fc2e,Diego Menchaca,2026-04-05,11:57:28,-07:00,2026-04-05T11:57:28-07:00,1,9
style.css,166,css,68c6fc2e,Diego Menchaca,2026-04-05,11:57:28,-07:00,2026-04-05T11:57:28-07:00,1,15
style.css,167,css,68c6fc2e,Diego Menchaca,2026-04-05,11:57:28,-07:00,2026-04-05T11:57:28-07:00,1,9
style.css,168,css,68c6fc2e,Diego Menchaca,2026-04-05,11:57:28,-07:00,2026-04-05T11:57:28-07:00,1,8
style.css,169,css,68c6fc2e,Diego Menchaca,2026-04-05,11:57:28,-07:00,2026-04-05T11:57:28-07:00,0,0
style.css,170,css,68c6fc2e,Diego Menchaca,2026-04-05,11:57:28,-07:00,2026-04-05T11:57:28-07:00,0,0
style.css,171,css,68c6fc2e,Diego Menchaca,2026-04-05,11:57:28,-07:00,2026-04-05T11:57:28-07:00,0,10
style.css,172,css,68c6fc2e,Diego Menchaca,2026-04-05,11:57:28,-07:00,2026-04-05T11:57:28-07:00,1,52
style.css,173,css,1863caa8,Diego Menchaca,2026-04-07,14:31:27,-07:00,2026-04-07T14:31:27-07:00,1,47
style.css,174,css,68c6fc2e,Diego Menchaca,2026-04-05,11:57:28,-07:00,2026-04-05T11:57:28-07:00,1,19
style.css,175,css,68c6fc2e,Diego Menchaca,2026-04-05,11:57:28,-07:00,2026-04-05T11:57:28-07:00,1,17
style.css,176,css,68c6fc2e,Diego Menchaca,2026-04-05,11:57:28,-07:00,2026-04-05T11:57:28-07:00,1,15
style.css,177,css,68c6fc2e,Diego Menchaca,2026-04-05,11:57:28,-07:00,2026-04-05T11:57:28-07:00,1,44
style.css,178,css,68c6fc2e,Diego Menchaca,2026-04-05,11:57:28,-07:00,2026-04-05T11:57:28-07:00,0,0
style.css,179,css,68c6fc2e,Diego Menchaca,2026-04-05,11:57:28,-07:00,2026-04-05T11:57:28-07:00,0,0
style.css,180,css,68c6fc2e,Diego Menchaca,2026-04-05,11:57:28,-07:00,2026-04-05T11:57:28-07:00,0,16
style.css,181,css,68c6fc2e,Diego Menchaca,2026-04-05,11:57:28,-07:00,2026-04-05T11:57:28-07:00,1,21
style.css,182,css,68c6fc2e,Diego Menchaca,2026-04-05,11:57:28,-07:00,2026-04-05T11:57:28-07:00,1,52
style.css,183,css,68c6fc2e,Diego Menchaca,2026-04-05,11:57:28,-07:00,2026-04-05T11:57:28-07:00,0,0
style.css,184,css,68c6fc2e,Diego Menchaca,2026-04-05,11:57:28,-07:00,2026-04-05T11:57:28-07:00,0,0
style.css,185,css,1863caa8,Diego Menchaca,2026-04-07,14:31:27,-07:00,2026-04-07T14:31:27-07:00,0,19
style.css,186,css,68c6fc2e,Diego Menchaca,2026-04-05,11:57:28,-07:00,2026-04-05T11:57:28-07:00,0,11
style.css,187,css,68c6fc2e,Diego Menchaca,2026-04-05,11:57:28,-07:00,2026-04-05T11:57:28-07:00,1,12
style.css,188,css,68c6fc2e,Diego Menchaca,2026-04-05,11:57:28,-07:00,2026-04-05T11:57:28-07:00,1,29
style.css,189,css,68c6fc2e,Diego Menchaca,2026-04-05,11:57:28,-07:00,2026-04-05T11:57:28-07:00,1,9
style.css,190,css,68c6fc2e,Diego Menchaca,2026-04-05,11:57:28,-07:00,2026-04-05T11:57:28-07:00,1,19
style.css,191,css,68c6fc2e,Diego Menchaca,2026-04-05,11:57:28,-07:00,2026-04-05T11:57:28-07:00,1,20
style.css,192,css,d211a2c7,Diego Menchaca,2026-04-16,12:29:36,-07:00,2026-04-16T12:29:36-07:00,1,48
style.css,193,css,68c6fc2e,Diego Menchaca,2026-04-05,11:57:28,-07:00,2026-04-05T11:57:28-07:00,0,0
style.css,194,css,68c6fc2e,Diego Menchaca,2026-04-05,11:57:28,-07:00,2026-04-05T11:57:28-07:00,0,0
style.css,195,css,68c6fc2e,Diego Menchaca,2026-04-05,11:57:28,-07:00,2026-04-05T11:57:28-07:00,0,20
style.css,196,css,68c6fc2e,Diego Menchaca,2026-04-05,11:57:28,-07:00,2026-04-05T11:57:28-07:00,1,13
style.css,197,css,68c6fc2e,Diego Menchaca,2026-04-05,11:57:28,-07:00,2026-04-05T11:57:28-07:00,0,0
style.css,198,css,68c6fc2e,Diego Menchaca,2026-04-05,11:57:28,-07:00,2026-04-05T11:57:28-07:00,0,0
style.css,199,css,68c6fc2e,Diego Menchaca,2026-04-05,11:57:28,-07:00,2026-04-05T11:57:28-07:00,0,26
style.css,200,css,68c6fc2e,Diego Menchaca,2026-04-05,11:57:28,-07:00,2026-04-05T11:57:28-07:00,1,13
style.css,201,css,68c6fc2e,Diego Menchaca,2026-04-05,11:57:28,-07:00,2026-04-05T11:57:28-07:00,0,0
style.css,202,css,68c6fc2e,Diego Menchaca,2026-04-05,11:57:28,-07:00,2026-04-05T11:57:28-07:00,0,0
style.css,203,css,68c6fc2e,Diego Menchaca,2026-04-05,11:57:28,-07:00,2026-04-05T11:57:28-07:00,0,23
style.css,204,css,68c6fc2e,Diego Menchaca,2026-04-05,11:57:28,-07:00,2026-04-05T11:57:28-07:00,1,24
style.css,205,css,68c6fc2e,Diego Menchaca,2026-04-05,11:57:28,-07:00,2026-04-05T11:57:28-07:00,1,14
style.css,206,css,68c6fc2e,Diego Menchaca,2026-04-05,11:57:28,-07:00,2026-04-05T11:57:28-07:00,1,21
style.css,207,css,68c6fc2e,Diego Menchaca,2026-04-05,11:57:28,-07:00,2026-04-05T11:57:28-07:00,1,24
style.css,208,css,68c6fc2e,Diego Menchaca,2026-04-05,11:57:28,-07:00,2026-04-05T11:57:28-07:00,1,8
style.css,209,css,68c6fc2e,Diego Menchaca,2026-04-05,11:57:28,-07:00,2026-04-05T11:57:28-07:00,0,0
style.css,210,css,68c6fc2e,Diego Menchaca,2026-04-05,11:57:28,-07:00,2026-04-05T11:57:28-07:00,0,0
style.css,211,css,68c6fc2e,Diego Menchaca,2026-04-05,11:57:28,-07:00,2026-04-05T11:57:28-07:00,0,15
style.css,212,css,68c6fc2e,Diego Menchaca,2026-04-05,11:57:28,-07:00,2026-04-05T11:57:28-07:00,0,16
style.css,213,css,68c6fc2e,Diego Menchaca,2026-04-05,11:57:28,-07:00,2026-04-05T11:57:28-07:00,1,14
style.css,214,css,68c6fc2e,Diego Menchaca,2026-04-05,11:57:28,-07:00,2026-04-05T11:57:28-07:00,1,19
style.css,215,css,68c6fc2e,Diego Menchaca,2026-04-05,11:57:28,-07:00,2026-04-05T11:57:28-07:00,0,0
style.css,216,css,68c6fc2e,Diego Menchaca,2026-04-05,11:57:28,-07:00,2026-04-05T11:57:28-07:00,0,0
style.css,217,css,68c6fc2e,Diego Menchaca,2026-04-05,11:57:28,-07:00,2026-04-05T11:57:28-07:00,0,24
style.css,218,css,68c6fc2e,Diego Menchaca,2026-04-05,11:57:28,-07:00,2026-04-05T11:57:28-07:00,1,16
style.css,219,css,68c6fc2e,Diego Menchaca,2026-04-05,11:57:28,-07:00,2026-04-05T11:57:28-07:00,1,23
style.css,220,css,68c6fc2e,Diego Menchaca,2026-04-05,11:57:28,-07:00,2026-04-05T11:57:28-07:00,1,41
style.css,221,css,68c6fc2e,Diego Menchaca,2026-04-05,11:57:28,-07:00,2026-04-05T11:57:28-07:00,1,18
style.css,222,css,68c6fc2e,Diego Menchaca,2026-04-05,11:57:28,-07:00,2026-04-05T11:57:28-07:00,0,0
style.css,223,css,68c6fc2e,Diego Menchaca,2026-04-05,11:57:28,-07:00,2026-04-05T11:57:28-07:00,0,0
style.css,224,css,1863caa8,Diego Menchaca,2026-04-07,14:31:27,-07:00,2026-04-07T14:31:27-07:00,0,22
style.css,225,css,68c6fc2e,Diego Menchaca,2026-04-05,11:57:28,-07:00,2026-04-05T11:57:28-07:00,0,21
style.css,226,css,68c6fc2e,Diego Menchaca,2026-04-05,11:57:28,-07:00,2026-04-05T11:57:28-07:00,1,17
style.css,227,css,68c6fc2e,Diego Menchaca,2026-04-05,11:57:28,-07:00,2026-04-05T11:57:28-07:00,1,18
style.css,228,css,68c6fc2e,Diego Menchaca,2026-04-05,11:57:28,-07:00,2026-04-05T11:57:28-07:00,1,8
style.css,229,css,68c6fc2e,Diego Menchaca,2026-04-05,11:57:28,-07:00,2026-04-05T11:57:28-07:00,0,0
style.css,230,css,68c6fc2e,Diego Menchaca,2026-04-05,11:57:28,-07:00,2026-04-05T11:57:28-07:00,0,0
style.css,231,css,68c6fc2e,Diego Menchaca,2026-04-05,11:57:28,-07:00,2026-04-05T11:57:28-07:00,0,29
style.css,232,css,68c6fc2e,Diego Menchaca,2026-04-05,11:57:28,-07:00,2026-04-05T11:57:28-07:00,1,10
style.css,233,css,68c6fc2e,Diego Menchaca,2026-04-05,11:57:28,-07:00,2026-04-05T11:57:28-07:00,1,17
style.css,234,css,68c6fc2e,Diego Menchaca,2026-04-05,11:57:28,-07:00,2026-04-05T11:57:28-07:00,1,9
style.css,235,css,68c6fc2e,Diego Menchaca,2026-04-05,11:57:28,-07:00,2026-04-05T11:57:28-07:00,1,6
style.css,236,css,68c6fc2e,Diego Menchaca,2026-04-05,11:57:28,-07:00,2026-04-05T11:57:28-07:00,1,11
style.css,237,css,68c6fc2e,Diego Menchaca,2026-04-05,11:57:28,-07:00,2026-04-05T11:57:28-07:00,1,12
style.css,238,css,68c6fc2e,Diego Menchaca,2026-04-05,11:57:28,-07:00,2026-04-05T11:57:28-07:00,1,17
style.css,239,css,68c6fc2e,Diego Menchaca,2026-04-05,11:57:28,-07:00,2026-04-05T11:57:28-07:00,1,30
style.css,240,css,68c6fc2e,Diego Menchaca,2026-04-05,11:57:28,-07:00,2026-04-05T11:57:28-07:00,0,0
style.css,241,css,68c6fc2e,Diego Menchaca,2026-04-05,11:57:28,-07:00,2026-04-05T11:57:28-07:00,0,0
style.css,242,css,68c6fc2e,Diego Menchaca,2026-04-05,11:57:28,-07:00,2026-04-05T11:57:28-07:00,0,14
style.css,243,css,68c6fc2e,Diego Menchaca,2026-04-05,11:57:28,-07:00,2026-04-05T11:57:28-07:00,0,25
style.css,244,css,68c6fc2e,Diego Menchaca,2026-04-05,11:57:28,-07:00,2026-04-05T11:57:28-07:00,1,11
style.css,245,css,68c6fc2e,Diego Menchaca,2026-04-05,11:57:28,-07:00,2026-04-05T11:57:28-07:00,2,25
style.css,246,css,68c6fc2e,Diego Menchaca,2026-04-05,11:57:28,-07:00,2026-04-05T11:57:28-07:00,1,0
style.css,247,css,68c6fc2e,Diego Menchaca,2026-04-05,11:57:28,-07:00,2026-04-05T11:57:28-07:00,0,0
style.css,248,css,68c6fc2e,Diego Menchaca,2026-04-05,11:57:28,-07:00,2026-04-05T11:57:28-07:00,1,19
style.css,249,css,68c6fc2e,Diego Menchaca,2026-04-05,11:57:28,-07:00,2026-04-05T11:57:28-07:00,1,26
style.css,250,css,68c6fc2e,Diego Menchaca,2026-04-05,11:57:28,-07:00,2026-04-05T11:57:28-07:00,2,13
style.css,251,css,68c6fc2e,Diego Menchaca,2026-04-05,11:57:28,-07:00,2026-04-05T11:57:28-07:00,1,0
style.css,252,css,68c6fc2e,Diego Menchaca,2026-04-05,11:57:28,-07:00,2026-04-05T11:57:28-07:00,0,0
style.css,253,css,d211a2c7,Diego Menchaca,2026-04-16,12:29:36,-07:00,2026-04-16T12:29:36-07:00,0,0
style.css,254,css,d211a2c7,Diego Menchaca,2026-04-16,12:29:36,-07:00,2026-04-16T12:29:36-07:00,0,13
style.css,255,css,d211a2c7,Diego Menchaca,2026-04-16,12:29:36,-07:00,2026-04-16T12:29:36-07:00,1,17
style.css,256,css,d211a2c7,Diego Menchaca,2026-04-16,12:29:36,-07:00,2026-04-16T12:29:36-07:00,1,8
style.css,257,css,d211a2c7,Diego Menchaca,2026-04-16,12:29:36,-07:00,2026-04-16T12:29:36-07:00,1,10
style.css,258,css,d211a2c7,Diego Menchaca,2026-04-16,12:29:36,-07:00,2026-04-16T12:29:36-07:00,1,13
style.css,259,css,a70199f0,Diego Menchaca,2026-04-22,18:44:01,-07:00,2026-04-22T18:44:01-07:00,0,0
style.css,260,css,a70199f0,Diego Menchaca,2026-04-22,18:44:01,-07:00,2026-04-22T18:44:01-07:00,0,0
style.css,261,css,a70199f0,Diego Menchaca,2026-04-22,18:44:01,-07:00,2026-04-22T18:44:01-07:00,0,32
style.css,262,css,a70199f0,Diego Menchaca,2026-04-22,18:44:01,-07:00,2026-04-22T18:44:01-07:00,0,0
style.css,263,css,a70199f0,Diego Menchaca,2026-04-22,18:44:01,-07:00,2026-04-22T18:44:01-07:00,0,17
style.css,264,css,a70199f0,Diego Menchaca,2026-04-22,18:44:01,-07:00,2026-04-22T18:44:01-07:00,1,12
style.css,265,css,a70199f0,Diego Menchaca,2026-04-22,18:44:01,-07:00,2026-04-22T18:44:01-07:00,1,36
style.css,266,css,a70199f0,Diego Menchaca,2026-04-22,18:44:01,-07:00,2026-04-22T18:44:01-07:00,1,13
style.css,267,css,a70199f0,Diego Menchaca,2026-04-22,18:44:01,-07:00,2026-04-22T18:44:01-07:00,1,17
style.css,268,css,a70199f0,Diego Menchaca,2026-04-22,18:44:01,-07:00,2026-04-22T18:44:01-07:00,0,0
style.css,269,css,a70199f0,Diego Menchaca,2026-04-22,18:44:01,-07:00,2026-04-22T18:44:01-07:00,0,0
style.css,270,css,a70199f0,Diego Menchaca,2026-04-22,18:44:01,-07:00,2026-04-22T18:44:01-07:00,0,17
style.css,271,css,a70199f0,Diego Menchaca,2026-04-22,18:44:01,-07:00,2026-04-22T18:44:01-07:00,1,10
style.css,272,css,a70199f0,Diego Menchaca,2026-04-22,18:44:01,-07:00,2026-04-22T18:44:01-07:00,1,16
style.css,273,css,a70199f0,Diego Menchaca,2026-04-22,18:44:01,-07:00,2026-04-22T18:44:01-07:00,1,23
style.css,274,css,a70199f0,Diego Menchaca,2026-04-22,18:44:01,-07:00,2026-04-22T18:44:01-07:00,1,24
style.css,275,css,a70199f0,Diego Menchaca,2026-04-22,18:44:01,-07:00,2026-04-22T18:44:01-07:00,1,21
style.css,276,css,a70199f0,Diego Menchaca,2026-04-22,18:44:01,-07:00,2026-04-22T18:44:01-07:00,0,0
style.css,277,css,a70199f0,Diego Menchaca,2026-04-22,18:44:01,-07:00,2026-04-22T18:44:01-07:00,0,0
style.css,278,css,a70199f0,Diego Menchaca,2026-04-22,18:44:01,-07:00,2026-04-22T18:44:01-07:00,0,17
style.css,279,css,a70199f0,Diego Menchaca,2026-04-22,18:44:01,-07:00,2026-04-22T18:44:01-07:00,1,10
style.css,280,css,a70199f0,Diego Menchaca,2026-04-22,18:44:01,-07:00,2026-04-22T18:44:01-07:00,1,8
style.css,281,css,a70199f0,Diego Menchaca,2026-04-22,18:44:01,-07:00,2026-04-22T18:44:01-07:00,1,13
style.css,282,css,a70199f0,Diego Menchaca,2026-04-22,18:44:01,-07:00,2026-04-22T18:44:01-07:00,1,16
style.css,283,css,a70199f0,Diego Menchaca,2026-04-22,18:44:01,-07:00,2026-04-22T18:44:01-07:00,1,25
style.css,284,css,d211a2c7,Diego Menchaca,2026-04-16,12:29:36,-07:00,2026-04-16T12:29:36-07:00,0,0
index.js,1,js,a70199f0,Diego Menchaca,2026-04-22,18:44:01,-07:00,2026-04-22T18:44:01-07:00,0,71
index.js,2,js,a70199f0,Diego Menchaca,2026-04-22,18:44:01,-07:00,2026-04-22T18:44:01-07:00,0,0
index.js,3,js,a70199f0,Diego Menchaca,2026-04-22,18:44:01,-07:00,2026-04-22T18:44:01-07:00,0,54
index.js,4,js,a70199f0,Diego Menchaca,2026-04-22,18:44:01,-07:00,2026-04-22T18:44:01-07:00,0,42
index.js,5,js,a70199f0,Diego Menchaca,2026-04-22,18:44:01,-07:00,2026-04-22T18:44:01-07:00,0,0
index.js,6,js,a70199f0,Diego Menchaca,2026-04-22,18:44:01,-07:00,2026-04-22T18:44:01-07:00,0,60
index.js,7,js,a70199f0,Diego Menchaca,2026-04-22,18:44:01,-07:00,2026-04-22T18:44:01-07:00,0,54
index.js,8,js,a70199f0,Diego Menchaca,2026-04-22,18:44:01,-07:00,2026-04-22T18:44:01-07:00,0,0
index.js,9,js,a70199f0,Diego Menchaca,2026-04-22,18:44:01,-07:00,2026-04-22T18:44:01-07:00,0,56
index.js,10,js,a70199f0,Diego Menchaca,2026-04-22,18:44:01,-07:00,2026-04-22T18:44:01-07:00,0,60
index.js,11,js,a70199f0,Diego Menchaca,2026-04-22,18:44:01,-07:00,2026-04-22T18:44:01-07:00,0,0
index.js,12,js,a70199f0,Diego Menchaca,2026-04-22,18:44:01,-07:00,2026-04-22T18:44:01-07:00,0,17
index.js,13,js,a70199f0,Diego Menchaca,2026-04-22,18:44:01,-07:00,2026-04-22T18:44:01-07:00,1,24
index.js,14,js,a70199f0,Diego Menchaca,2026-04-22,18:44:01,-07:00,2026-04-22T18:44:01-07:00,2,2
index.js,15,js,a70199f0,Diego Menchaca,2026-04-22,18:44:01,-07:00,2026-04-22T18:44:01-07:00,3,54
index.js,16,js,a70199f0,Diego Menchaca,2026-04-22,18:44:01,-07:00,2026-04-22T18:44:01-07:00,3,54
index.js,17,js,a70199f0,Diego Menchaca,2026-04-22,18:44:01,-07:00,2026-04-22T18:44:01-07:00,3,48
index.js,18,js,a70199f0,Diego Menchaca,2026-04-22,18:44:01,-07:00,2026-04-22T18:44:01-07:00,3,48
index.js,19,js,a70199f0,Diego Menchaca,2026-04-22,18:44:01,-07:00,2026-04-22T18:44:01-07:00,2,3
index.js,20,js,a70199f0,Diego Menchaca,2026-04-22,18:44:01,-07:00,2026-04-22T18:44:01-07:00,1,0
index.js,21,js,a70199f0,Diego Menchaca,2026-04-22,18:44:01,-07:00,2026-04-22T18:44:01-07:00,0,0
index.html,1,html,5fd06197,Diego Menchaca,2026-04-01,17:41:12,-07:00,2026-04-01T17:41:12-07:00,0,13
index.html,2,html,5fd06197,Diego Menchaca,2026-04-01,17:41:12,-07:00,2026-04-01T17:41:12-07:00,0,14
index.html,3,html,5fd06197,Diego Menchaca,2026-04-01,17:41:12,-07:00,2026-04-01T17:41:12-07:00,0,4
index.html,4,html,5fd06197,Diego Menchaca,2026-04-01,17:41:12,-07:00,2026-04-01T17:41:12-07:00,2,20
index.html,5,html,5fd06197,Diego Menchaca,2026-04-01,17:41:12,-07:00,2026-04-01T17:41:12-07:00,2,68
index.html,6,html,6b1da9e0,Diego Menchaca,2026-04-03,17:20:01,-07:00,2026-04-03T17:20:01-07:00,2,38
index.html,7,html,5fd06197,Diego Menchaca,2026-04-01,17:41:12,-07:00,2026-04-01T17:41:12-07:00,2,56
index.html,8,html,5fd06197,Diego Menchaca,2026-04-01,17:41:12,-07:00,2026-04-01T17:41:12-07:00,0,5
index.html,9,html,3762818f,Diego Menchaca,2026-04-15,14:33:08,-07:00,2026-04-15T14:33:08-07:00,0,0
index.html,10,html,3762818f,Diego Menchaca,2026-04-15,14:33:08,-07:00,2026-04-15T14:33:08-07:00,0,45
index.html,11,html,3762818f,Diego Menchaca,2026-04-15,14:33:08,-07:00,2026-04-15T14:33:08-07:00,0,0
index.html,12,html,5fd06197,Diego Menchaca,2026-04-01,17:41:12,-07:00,2026-04-01T17:41:12-07:00,0,4
index.html,13,html,3762818f,Diego Menchaca,2026-04-15,14:33:08,-07:00,2026-04-15T14:33:08-07:00,2,8
index.html,14,html,3762818f,Diego Menchaca,2026-04-15,14:33:08,-07:00,2026-04-15T14:33:08-07:00,4,18
index.html,15,html,c27b03f0,Diego Menchaca,2026-04-05,11:40:27,-07:00,2026-04-05T11:40:27-07:00,4,32
index.html,16,html,c27b03f0,Diego Menchaca,2026-04-05,11:40:27,-07:00,2026-04-05T11:40:27-07:00,4,30
index.html,17,html,c27b03f0,Diego Menchaca,2026-04-05,11:40:27,-07:00,2026-04-05T11:40:27-07:00,4,20
index.html,18,html,6b1da9e0,Diego Menchaca,2026-04-03,17:20:01,-07:00,2026-04-03T17:20:01-07:00,4,67
index.html,19,html,3762818f,Diego Menchaca,2026-04-15,14:33:08,-07:00,2026-04-15T14:33:08-07:00,2,8
index.html,20,html,5fd06197,Diego Menchaca,2026-04-01,17:41:12,-07:00,2026-04-01T17:41:12-07:00,2,21
index.html,21,html,6b1da9e0,Diego Menchaca,2026-04-03,17:20:01,-07:00,2026-04-03T17:20:01-07:00,2,242
index.html,22,html,6b1da9e0,Diego Menchaca,2026-04-03,17:20:01,-07:00,2026-04-03T17:20:01-07:00,2,56
index.html,23,html,a70199f0,Diego Menchaca,2026-04-22,18:44:01,-07:00,2026-04-22T18:44:01-07:00,0,0
index.html,24,html,a70199f0,Diego Menchaca,2026-04-22,18:44:01,-07:00,2026-04-22T18:44:01-07:00,2,28
index.html,25,html,a70199f0,Diego Menchaca,2026-04-22,18:44:01,-07:00,2026-04-22T18:44:01-07:00,0,0
index.html,26,html,a70199f0,Diego Menchaca,2026-04-22,18:44:01,-07:00,2026-04-22T18:44:01-07:00,2,22
index.html,27,html,a70199f0,Diego Menchaca,2026-04-22,18:44:01,-07:00,2026-04-22T18:44:01-07:00,2,26
index.html,28,html,a70199f0,Diego Menchaca,2026-04-22,18:44:01,-07:00,2026-04-22T18:44:01-07:00,0,0
index.html,29,html,a70199f0,Diego Menchaca,2026-04-22,18:44:01,-07:00,2026-04-22T18:44:01-07:00,2,44
index.html,30,html,5fd06197,Diego Menchaca,2026-04-01,17:41:12,-07:00,2026-04-01T17:41:12-07:00,0,5
index.html,31,html,5fd06197,Diego Menchaca,2026-04-01,17:41:12,-07:00,2026-04-01T17:41:12-07:00,0,5
global.js,1,js,3762818f,Diego Menchaca,2026-04-15,14:33:08,-07:00,2026-04-15T14:33:08-07:00,0,25
global.js,2,js,3762818f,Diego Menchaca,2026-04-15,14:33:08,-07:00,2026-04-15T14:33:08-07:00,0,0
global.js,3,js,3762818f,Diego Menchaca,2026-04-15,14:33:08,-07:00,2026-04-15T14:33:08-07:00,0,41
global.js,4,js,3762818f,Diego Menchaca,2026-04-15,14:33:08,-07:00,2026-04-15T14:33:08-07:00,1,52
global.js,5,js,3762818f,Diego Menchaca,2026-04-15,14:33:08,-07:00,2026-04-15T14:33:08-07:00,0,0
global.js,6,js,3762818f,Diego Menchaca,2026-04-15,14:33:08,-07:00,2026-04-15T14:33:08-07:00,0,0
global.js,7,js,3762818f,Diego Menchaca,2026-04-15,14:33:08,-07:00,2026-04-15T14:33:08-07:00,0,15
global.js,8,js,3762818f,Diego Menchaca,2026-04-15,14:33:08,-07:00,2026-04-15T14:33:08-07:00,1,68
global.js,9,js,3762818f,Diego Menchaca,2026-04-15,14:33:08,-07:00,2026-04-15T14:33:08-07:00,2,3
global.js,10,js,3762818f,Diego Menchaca,2026-04-15,14:33:08,-07:00,2026-04-15T14:33:08-07:00,2,14
global.js,11,js,3762818f,Diego Menchaca,2026-04-15,14:33:08,-07:00,2026-04-15T14:33:08-07:00,0,0
global.js,12,js,3762818f,Diego Menchaca,2026-04-15,14:33:08,-07:00,2026-04-15T14:33:08-07:00,0,11
global.js,13,js,3762818f,Diego Menchaca,2026-04-15,14:33:08,-07:00,2026-04-15T14:33:08-07:00,1,25
global.js,14,js,3762818f,Diego Menchaca,2026-04-15,14:33:08,-07:00,2026-04-15T14:33:08-07:00,1,38
global.js,15,js,3762818f,Diego Menchaca,2026-04-15,14:33:08,-07:00,2026-04-15T14:33:08-07:00,1,36
global.js,16,js,3762818f,Diego Menchaca,2026-04-15,14:33:08,-07:00,2026-04-15T14:33:08-07:00,1,26
global.js,17,js,00000000,Not Committed Yet,2026-05-13,11:06:44,-07:00,2026-05-13T11:06:44-07:00,1,30
global.js,18,js,3762818f,Diego Menchaca,2026-04-15,14:33:08,-07:00,2026-04-15T14:33:08-07:00,1,59
global.js,19,js,3762818f,Diego Menchaca,2026-04-15,14:33:08,-07:00,2026-04-15T14:33:08-07:00,0,0
global.js,20,js,3762818f,Diego Menchaca,2026-04-15,14:33:08,-07:00,2026-04-15T14:33:08-07:00,0,0
global.js,21,js,3762818f,Diego Menchaca,2026-04-15,14:33:08,-07:00,2026-04-15T14:33:08-07:00,0,38
global.js,22,js,3762818f,Diego Menchaca,2026-04-15,14:33:08,-07:00,2026-04-15T14:33:08-07:00,0,25
global.js,23,js,3762818f,Diego Menchaca,2026-04-15,14:33:08,-07:00,2026-04-15T14:33:08-07:00,0,0
global.js,24,js,3762818f,Diego Menchaca,2026-04-15,14:33:08,-07:00,2026-04-15T14:33:08-07:00,0,20
global.js,25,js,3762818f,Diego Menchaca,2026-04-15,14:33:08,-07:00,2026-04-15T14:33:08-07:00,1,14
global.js,26,js,3762818f,Diego Menchaca,2026-04-15,14:33:08,-07:00,2026-04-15T14:33:08-07:00,1,18
global.js,27,js,3762818f,Diego Menchaca,2026-04-15,14:33:08,-07:00,2026-04-15T14:33:08-07:00,0,0
global.js,28,js,3762818f,Diego Menchaca,2026-04-15,14:33:08,-07:00,2026-04-15T14:33:08-07:00,1,28
global.js,29,js,3762818f,Diego Menchaca,2026-04-15,14:33:08,-07:00,2026-04-15T14:33:08-07:00,2,20
global.js,30,js,3762818f,Diego Menchaca,2026-04-15,14:33:08,-07:00,2026-04-15T14:33:08-07:00,1,0
global.js,31,js,3762818f,Diego Menchaca,2026-04-15,14:33:08,-07:00,2026-04-15T14:33:08-07:00,0,0
global.js,32,js,3762818f,Diego Menchaca,2026-04-15,14:33:08,-07:00,2026-04-15T14:33:08-07:00,1,34
global.js,33,js,3762818f,Diego Menchaca,2026-04-15,14:33:08,-07:00,2026-04-15T14:33:08-07:00,1,11
global.js,34,js,3762818f,Diego Menchaca,2026-04-15,14:33:08,-07:00,2026-04-15T14:33:08-07:00,1,20
global.js,35,js,3762818f,Diego Menchaca,2026-04-15,14:33:08,-07:00,2026-04-15T14:33:08-07:00,0,0
global.js,36,js,3762818f,Diego Menchaca,2026-04-15,14:33:08,-07:00,2026-04-15T14:33:08-07:00,1,65
global.js,37,js,3762818f,Diego Menchaca,2026-04-15,14:33:08,-07:00,2026-04-15T14:33:08-07:00,2,25
global.js,38,js,3762818f,Diego Menchaca,2026-04-15,14:33:08,-07:00,2026-04-15T14:33:08-07:00,1,0
global.js,39,js,3762818f,Diego Menchaca,2026-04-15,14:33:08,-07:00,2026-04-15T14:33:08-07:00,0,0
global.js,40,js,3762818f,Diego Menchaca,2026-04-15,14:33:08,-07:00,2026-04-15T14:33:08-07:00,1,29
global.js,41,js,3762818f,Diego Menchaca,2026-04-15,14:33:08,-07:00,2026-04-15T14:33:08-07:00,2,18
global.js,42,js,3762818f,Diego Menchaca,2026-04-15,14:33:08,-07:00,2026-04-15T14:33:08-07:00,1,0
global.js,43,js,3762818f,Diego Menchaca,2026-04-15,14:33:08,-07:00,2026-04-15T14:33:08-07:00,0,0
global.js,44,js,3762818f,Diego Menchaca,2026-04-15,14:33:08,-07:00,2026-04-15T14:33:08-07:00,1,12
global.js,45,js,3762818f,Diego Menchaca,2026-04-15,14:33:08,-07:00,2026-04-15T14:33:08-07:00,0,0
global.js,46,js,d211a2c7,Diego Menchaca,2026-04-16,12:29:36,-07:00,2026-04-16T12:29:36-07:00,0,0
global.js,47,js,d211a2c7,Diego Menchaca,2026-04-16,12:29:36,-07:00,2026-04-16T12:29:36-07:00,0,31
global.js,48,js,d211a2c7,Diego Menchaca,2026-04-16,12:29:36,-07:00,2026-04-16T12:29:36-07:00,1,11
global.js,49,js,d211a2c7,Diego Menchaca,2026-04-16,12:29:36,-07:00,2026-04-16T12:29:36-07:00,1,0
global.js,50,js,d211a2c7,Diego Menchaca,2026-04-16,12:29:36,-07:00,2026-04-16T12:29:36-07:00,1,26
global.js,51,js,d211a2c7,Diego Menchaca,2026-04-16,12:29:36,-07:00,2026-04-16T12:29:36-07:00,2,4
global.js,52,js,d211a2c7,Diego Menchaca,2026-04-16,12:29:36,-07:00,2026-04-16T12:29:36-07:00,2,6
global.js,53,js,d211a2c7,Diego Menchaca,2026-04-16,12:29:36,-07:00,2026-04-16T12:29:36-07:00,3,43
global.js,54,js,d211a2c7,Diego Menchaca,2026-04-16,12:29:36,-07:00,2026-04-16T12:29:36-07:00,3,34
global.js,55,js,d211a2c7,Diego Menchaca,2026-04-16,12:29:36,-07:00,2026-04-16T12:29:36-07:00,3,32
global.js,56,js,d211a2c7,Diego Menchaca,2026-04-16,12:29:36,-07:00,2026-04-16T12:29:36-07:00,2,7
global.js,57,js,d211a2c7,Diego Menchaca,2026-04-16,12:29:36,-07:00,2026-04-16T12:29:36-07:00,1,8
global.js,58,js,d211a2c7,Diego Menchaca,2026-04-16,12:29:36,-07:00,2026-04-16T12:29:36-07:00,0,0
global.js,59,js,d211a2c7,Diego Menchaca,2026-04-16,12:29:36,-07:00,2026-04-16T12:29:36-07:00,0,0
global.js,60,js,d211a2c7,Diego Menchaca,2026-04-16,12:29:36,-07:00,2026-04-16T12:29:36-07:00,0,60
global.js,61,js,d211a2c7,Diego Menchaca,2026-04-16,12:29:36,-07:00,2026-04-16T12:29:36-07:00,0,0
global.js,62,js,d211a2c7,Diego Menchaca,2026-04-16,12:29:36,-07:00,2026-04-16T12:29:36-07:00,0,36
global.js,63,js,d211a2c7,Diego Menchaca,2026-04-16,12:29:36,-07:00,2026-04-16T12:29:36-07:00,1,70
global.js,64,js,d211a2c7,Diego Menchaca,2026-04-16,12:29:36,-07:00,2026-04-16T12:29:36-07:00,1,25
global.js,65,js,d211a2c7,Diego Menchaca,2026-04-16,12:29:36,-07:00,2026-04-16T12:29:36-07:00,0,0
global.js,66,js,d211a2c7,Diego Menchaca,2026-04-16,12:29:36,-07:00,2026-04-16T12:29:36-07:00,0,0
global.js,67,js,d211a2c7,Diego Menchaca,2026-04-16,12:29:36,-07:00,2026-04-16T12:29:36-07:00,0,49
global.js,68,js,d211a2c7,Diego Menchaca,2026-04-16,12:29:36,-07:00,2026-04-16T12:29:36-07:00,1,44
global.js,69,js,d211a2c7,Diego Menchaca,2026-04-16,12:29:36,-07:00,2026-04-16T12:29:36-07:00,1,33
global.js,70,js,d211a2c7,Diego Menchaca,2026-04-16,12:29:36,-07:00,2026-04-16T12:29:36-07:00,0,1
global.js,71,js,d211a2c7,Diego Menchaca,2026-04-16,12:29:36,-07:00,2026-04-16T12:29:36-07:00,0,0
global.js,72,js,d211a2c7,Diego Menchaca,2026-04-16,12:29:36,-07:00,2026-04-16T12:29:36-07:00,0,34
global.js,73,js,d211a2c7,Diego Menchaca,2026-04-16,12:29:36,-07:00,2026-04-16T12:29:36-07:00,1,39
global.js,74,js,a70199f0,Diego Menchaca,2026-04-22,18:44:01,-07:00,2026-04-22T18:44:01-07:00,0,0
global.js,75,js,a70199f0,Diego Menchaca,2026-04-22,18:44:01,-07:00,2026-04-22T18:44:01-07:00,0,0
global.js,76,js,a70199f0,Diego Menchaca,2026-04-22,18:44:01,-07:00,2026-04-22T18:44:01-07:00,0,36
global.js,77,js,a70199f0,Diego Menchaca,2026-04-22,18:44:01,-07:00,2026-04-22T18:44:01-07:00,1,3
global.js,78,js,a70199f0,Diego Menchaca,2026-04-22,18:44:01,-07:00,2026-04-22T18:44:01-07:00,2,32
global.js,79,js,a70199f0,Diego Menchaca,2026-04-22,18:44:01,-07:00,2026-04-22T18:44:01-07:00,0,0
global.js,80,js,a70199f0,Diego Menchaca,2026-04-22,18:44:01,-07:00,2026-04-22T18:44:01-07:00,2,17
global.js,81,js,a70199f0,Diego Menchaca,2026-04-22,18:44:01,-07:00,2026-04-22T18:44:01-07:00,3,57
global.js,82,js,a70199f0,Diego Menchaca,2026-04-22,18:44:01,-07:00,2026-04-22T18:44:01-07:00,2,0
global.js,83,js,a70199f0,Diego Menchaca,2026-04-22,18:44:01,-07:00,2026-04-22T18:44:01-07:00,0,0
global.js,84,js,a70199f0,Diego Menchaca,2026-04-22,18:44:01,-07:00,2026-04-22T18:44:01-07:00,2,33
global.js,85,js,a70199f0,Diego Menchaca,2026-04-22,18:44:01,-07:00,2026-04-22T18:44:01-07:00,2,10
global.js,86,js,a70199f0,Diego Menchaca,2026-04-22,18:44:01,-07:00,2026-04-22T18:44:01-07:00,1,15
global.js,87,js,a70199f0,Diego Menchaca,2026-04-22,18:44:01,-07:00,2026-04-22T18:44:01-07:00,2,59
global.js,88,js,a70199f0,Diego Menchaca,2026-04-22,18:44:01,-07:00,2026-04-22T18:44:01-07:00,1,0
global.js,89,js,a70199f0,Diego Menchaca,2026-04-22,18:44:01,-07:00,2026-04-22T18:44:01-07:00,0,0
global.js,90,js,a70199f0,Diego Menchaca,2026-04-22,18:44:01,-07:00,2026-04-22T18:44:01-07:00,0,0
global.js,91,js,a70199f0,Diego Menchaca,2026-04-22,18:44:01,-07:00,2026-04-22T18:44:01-07:00,0,79
global.js,92,js,a70199f0,Diego Menchaca,2026-04-22,18:44:01,-07:00,2026-04-22T18:44:01-07:00,1,30
global.js,93,js,a70199f0,Diego Menchaca,2026-04-22,18:44:01,-07:00,2026-04-22T18:44:01-07:00,0,0
global.js,94,js,a70199f0,Diego Menchaca,2026-04-22,18:44:01,-07:00,2026-04-22T18:44:01-07:00,1,31
global.js,95,js,a70199f0,Diego Menchaca,2026-04-22,18:44:01,-07:00,2026-04-22T18:44:01-07:00,2,48
global.js,96,js,a70199f0,Diego Menchaca,2026-04-22,18:44:01,-07:00,2026-04-22T18:44:01-07:00,0,0
global.js,97,js,a70199f0,Diego Menchaca,2026-04-22,18:44:01,-07:00,2026-04-22T18:44:01-07:00,2,19
global.js,98,js,a70199f0,Diego Menchaca,2026-04-22,18:44:01,-07:00,2026-04-22T18:44:01-07:00,3,49
global.js,99,js,a70199f0,Diego Menchaca,2026-04-22,18:44:01,-07:00,2026-04-22T18:44:01-07:00,3,49
global.js,100,js,9df0a019,Diego Menchaca,2026-04-30,21:08:15,-07:00,2026-04-30T21:08:15-07:00,3,3
global.js,101,js,9df0a019,Diego Menchaca,2026-04-30,21:08:15,-07:00,2026-04-30T21:08:15-07:00,4,27
global.js,102,js,9df0a019,Diego Menchaca,2026-04-30,21:08:15,-07:00,2026-04-30T21:08:15-07:00,4,41
global.js,103,js,9df0a019,Diego Menchaca,2026-04-30,21:08:15,-07:00,2026-04-30T21:08:15-07:00,3,4
global.js,104,js,a70199f0,Diego Menchaca,2026-04-22,18:44:01,-07:00,2026-04-22T18:44:01-07:00,2,0
global.js,105,js,a70199f0,Diego Menchaca,2026-04-22,18:44:01,-07:00,2026-04-22T18:44:01-07:00,0,0
global.js,106,js,a70199f0,Diego Menchaca,2026-04-22,18:44:01,-07:00,2026-04-22T18:44:01-07:00,2,36
global.js,107,js,a70199f0,Diego Menchaca,2026-04-22,18:44:01,-07:00,2026-04-22T18:44:01-07:00,1,0
global.js,108,js,a70199f0,Diego Menchaca,2026-04-22,18:44:01,-07:00,2026-04-22T18:44:01-07:00,0,0
global.js,109,js,a70199f0,Diego Menchaca,2026-04-22,18:44:01,-07:00,2026-04-22T18:44:01-07:00,0,0
global.js,110,js,a70199f0,Diego Menchaca,2026-04-22,18:44:01,-07:00,2026-04-22T18:44:01-07:00,0,47
global.js,111,js,a70199f0,Diego Menchaca,2026-04-22,18:44:01,-07:00,2026-04-22T18:44:01-07:00,1,59
global.js,112,js,d211a2c7,Diego Menchaca,2026-04-16,12:29:36,-07:00,2026-04-16T12:29:36-07:00,0,0
projects/projects.js,1,js,a70199f0,Diego Menchaca,2026-04-22,18:44:01,-07:00,2026-04-22T18:44:01-07:00,0,55
projects/projects.js,2,js,9df0a019,Diego Menchaca,2026-04-30,21:08:15,-07:00,2026-04-30T21:08:15-07:00,0,59
projects/projects.js,3,js,a70199f0,Diego Menchaca,2026-04-22,18:44:01,-07:00,2026-04-22T18:44:01-07:00,0,0
projects/projects.js,4,js,93b2a8ed,Diego Menchaca,2026-04-30,21:45:04,-07:00,2026-04-30T21:45:04-07:00,0,13
projects/projects.js,5,js,bfafd835,Diego Menchaca,2026-04-30,21:50:37,-07:00,2026-04-30T21:50:37-07:00,0,22
projects/projects.js,6,js,93b2a8ed,Diego Menchaca,2026-04-30,21:45:04,-07:00,2026-04-30T21:45:04-07:00,0,0
projects/projects.js,7,js,a70199f0,Diego Menchaca,2026-04-22,18:44:01,-07:00,2026-04-22T18:44:01-07:00,0,55
projects/projects.js,8,js,a70199f0,Diego Menchaca,2026-04-22,18:44:01,-07:00,2026-04-22T18:44:01-07:00,0,60
projects/projects.js,9,js,93b2a8ed,Diego Menchaca,2026-04-30,21:45:04,-07:00,2026-04-30T21:45:04-07:00,0,62
projects/projects.js,10,js,a70199f0,Diego Menchaca,2026-04-22,18:44:01,-07:00,2026-04-22T18:44:01-07:00,0,0
projects/projects.js,11,js,93b2a8ed,Diego Menchaca,2026-04-30,21:45:04,-07:00,2026-04-30T21:45:04-07:00,0,57
projects/projects.js,12,js,93b2a8ed,Diego Menchaca,2026-04-30,21:45:04,-07:00,2026-04-30T21:45:04-07:00,0,50
projects/projects.js,13,js,93b2a8ed,Diego Menchaca,2026-04-30,21:45:04,-07:00,2026-04-30T21:45:04-07:00,0,47
projects/projects.js,14,js,a70199f0,Diego Menchaca,2026-04-22,18:44:01,-07:00,2026-04-22T18:44:01-07:00,0,0
projects/projects.js,15,js,bfafd835,Diego Menchaca,2026-04-30,21:50:37,-07:00,2026-04-30T21:50:37-07:00,0,30
projects/projects.js,16,js,bfafd835,Diego Menchaca,2026-04-30,21:50:37,-07:00,2026-04-30T21:50:37-07:00,1,35
projects/projects.js,17,js,bfafd835,Diego Menchaca,2026-04-30,21:50:37,-07:00,2026-04-30T21:50:37-07:00,2,96
projects/projects.js,18,js,bfafd835,Diego Menchaca,2026-04-30,21:50:37,-07:00,2026-04-30T21:50:37-07:00,2,70
projects/projects.js,19,js,bfafd835,Diego Menchaca,2026-04-30,21:50:37,-07:00,2026-04-30T21:50:37-07:00,2,34
projects/projects.js,20,js,bfafd835,Diego Menchaca,2026-04-30,21:50:37,-07:00,2026-04-30T21:50:37-07:00,1,1
projects/projects.js,21,js,bfafd835,Diego Menchaca,2026-04-30,21:50:37,-07:00,2026-04-30T21:50:37-07:00,0,0
projects/projects.js,22,js,bfafd835,Diego Menchaca,2026-04-30,21:50:37,-07:00,2026-04-30T21:50:37-07:00,0,0
projects/projects.js,23,js,93b2a8ed,Diego Menchaca,2026-04-30,21:45:04,-07:00,2026-04-30T21:45:04-07:00,0,37
projects/projects.js,24,js,93b2a8ed,Diego Menchaca,2026-04-30,21:45:04,-07:00,2026-04-30T21:45:04-07:00,1,25
projects/projects.js,25,js,93b2a8ed,Diego Menchaca,2026-04-30,21:45:04,-07:00,2026-04-30T21:45:04-07:00,1,32
projects/projects.js,26,js,9df0a019,Diego Menchaca,2026-04-30,21:08:15,-07:00,2026-04-30T21:08:15-07:00,0,0
projects/projects.js,27,js,93b2a8ed,Diego Menchaca,2026-04-30,21:45:04,-07:00,2026-04-30T21:45:04-07:00,1,29
projects/projects.js,28,js,93b2a8ed,Diego Menchaca,2026-04-30,21:45:04,-07:00,2026-04-30T21:45:04-07:00,1,30
projects/projects.js,29,js,9df0a019,Diego Menchaca,2026-04-30,21:08:15,-07:00,2026-04-30T21:08:15-07:00,0,0
projects/projects.js,30,js,93b2a8ed,Diego Menchaca,2026-04-30,21:45:04,-07:00,2026-04-30T21:45:04-07:00,1,72
projects/projects.js,31,js,93b2a8ed,Diego Menchaca,2026-04-30,21:45:04,-07:00,2026-04-30T21:45:04-07:00,1,76
projects/projects.js,32,js,9df0a019,Diego Menchaca,2026-04-30,21:08:15,-07:00,2026-04-30T21:08:15-07:00,0,0
projects/projects.js,33,js,93b2a8ed,Diego Menchaca,2026-04-30,21:45:04,-07:00,2026-04-30T21:45:04-07:00,1,33
projects/projects.js,34,js,93b2a8ed,Diego Menchaca,2026-04-30,21:45:04,-07:00,2026-04-30T21:45:04-07:00,1,45
projects/projects.js,35,js,93b2a8ed,Diego Menchaca,2026-04-30,21:45:04,-07:00,2026-04-30T21:45:04-07:00,0,0
projects/projects.js,36,js,93b2a8ed,Diego Menchaca,2026-04-30,21:45:04,-07:00,2026-04-30T21:45:04-07:00,1,26
projects/projects.js,37,js,93b2a8ed,Diego Menchaca,2026-04-30,21:45:04,-07:00,2026-04-30T21:45:04-07:00,2,1
projects/projects.js,38,js,93b2a8ed,Diego Menchaca,2026-04-30,21:45:04,-07:00,2026-04-30T21:45:04-07:00,3,13
projects/projects.js,39,js,93b2a8ed,Diego Menchaca,2026-04-30,21:45:04,-07:00,2026-04-30T21:45:04-07:00,3,13
projects/projects.js,40,js,93b2a8ed,Diego Menchaca,2026-04-30,21:45:04,-07:00,2026-04-30T21:45:04-07:00,3,24
projects/projects.js,41,js,bfafd835,Diego Menchaca,2026-04-30,21:50:37,-07:00,2026-04-30T21:50:37-07:00,3,63
projects/projects.js,42,js,93b2a8ed,Diego Menchaca,2026-04-30,21:45:04,-07:00,2026-04-30T21:45:04-07:00,3,18
projects/projects.js,43,js,bfafd835,Diego Menchaca,2026-04-30,21:50:37,-07:00,2026-04-30T21:50:37-07:00,4,70
projects/projects.js,44,js,bfafd835,Diego Menchaca,2026-04-30,21:50:37,-07:00,2026-04-30T21:50:37-07:00,4,93
projects/projects.js,45,js,bfafd835,Diego Menchaca,2026-04-30,21:50:37,-07:00,2026-04-30T21:50:37-07:00,4,94
projects/projects.js,46,js,bfafd835,Diego Menchaca,2026-04-30,21:50:37,-07:00,2026-04-30T21:50:37-07:00,4,35
projects/projects.js,47,js,bfafd835,Diego Menchaca,2026-04-30,21:50:37,-07:00,2026-04-30T21:50:37-07:00,4,48
projects/projects.js,48,js,bfafd835,Diego Menchaca,2026-04-30,21:50:37,-07:00,2026-04-30T21:50:37-07:00,4,58
projects/projects.js,49,js,93b2a8ed,Diego Menchaca,2026-04-30,21:45:04,-07:00,2026-04-30T21:45:04-07:00,3,1
projects/projects.js,50,js,93b2a8ed,Diego Menchaca,2026-04-30,21:45:04,-07:00,2026-04-30T21:45:04-07:00,1,1
projects/projects.js,51,js,93b2a8ed,Diego Menchaca,2026-04-30,21:45:04,-07:00,2026-04-30T21:45:04-07:00,0,0
projects/projects.js,52,js,93b2a8ed,Diego Menchaca,2026-04-30,21:45:04,-07:00,2026-04-30T21:45:04-07:00,1,24
projects/projects.js,53,js,93b2a8ed,Diego Menchaca,2026-04-30,21:45:04,-07:00,2026-04-30T21:45:04-07:00,2,4
projects/projects.js,54,js,93b2a8ed,Diego Menchaca,2026-04-30,21:45:04,-07:00,2026-04-30T21:45:04-07:00,3,11
projects/projects.js,55,js,93b2a8ed,Diego Menchaca,2026-04-30,21:45:04,-07:00,2026-04-30T21:45:04-07:00,3,38
projects/projects.js,56,js,bfafd835,Diego Menchaca,2026-04-30,21:50:37,-07:00,2026-04-30T21:50:37-07:00,3,55
projects/projects.js,57,js,93b2a8ed,Diego Menchaca,2026-04-30,21:45:04,-07:00,2026-04-30T21:45:04-07:00,3,69
projects/projects.js,58,js,93b2a8ed,Diego Menchaca,2026-04-30,21:45:04,-07:00,2026-04-30T21:45:04-07:00,1,1
projects/projects.js,59,js,93b2a8ed,Diego Menchaca,2026-04-30,21:45:04,-07:00,2026-04-30T21:45:04-07:00,0,0
projects/projects.js,60,js,93b2a8ed,Diego Menchaca,2026-04-30,21:45:04,-07:00,2026-04-30T21:45:04-07:00,0,0
projects/projects.js,61,js,bfafd835,Diego Menchaca,2026-04-30,21:50:37,-07:00,2026-04-30T21:50:37-07:00,0,28
projects/projects.js,62,js,bfafd835,Diego Menchaca,2026-04-30,21:50:37,-07:00,2026-04-30T21:50:37-07:00,0,54
projects/projects.js,63,js,bfafd835,Diego Menchaca,2026-04-30,21:50:37,-07:00,2026-04-30T21:50:37-07:00,0,29
projects/projects.js,64,js,bfafd835,Diego Menchaca,2026-04-30,21:50:37,-07:00,2026-04-30T21:50:37-07:00,0,64
projects/projects.js,65,js,9df0a019,Diego Menchaca,2026-04-30,21:08:15,-07:00,2026-04-30T21:08:15-07:00,0,0
projects/projects.js,66,js,93b2a8ed,Diego Menchaca,2026-04-30,21:45:04,-07:00,2026-04-30T21:45:04-07:00,0,53
projects/projects.js,67,js,93b2a8ed,Diego Menchaca,2026-04-30,21:45:04,-07:00,2026-04-30T21:45:04-07:00,0,48
projects/projects.js,68,js,93b2a8ed,Diego Menchaca,2026-04-30,21:45:04,-07:00,2026-04-30T21:45:04-07:00,1,25
projects/projects.js,69,js,bfafd835,Diego Menchaca,2026-04-30,21:50:37,-07:00,2026-04-30T21:50:37-07:00,1,45
projects/projects.js,70,js,93b2a8ed,Diego Menchaca,2026-04-30,21:45:04,-07:00,2026-04-30T21:45:04-07:00,2,59
projects/projects.js,71,js,93b2a8ed,Diego Menchaca,2026-04-30,21:45:04,-07:00,2026-04-30T21:45:04-07:00,2,42
projects/projects.js,72,js,93b2a8ed,Diego Menchaca,2026-04-30,21:45:04,-07:00,2026-04-30T21:45:04-07:00,1,1
projects/projects.js,73,js,bfafd835,Diego Menchaca,2026-04-30,21:50:37,-07:00,2026-04-30T21:50:37-07:00,1,29
projects/projects.js,74,js,bfafd835,Diego Menchaca,2026-04-30,21:50:37,-07:00,2026-04-30T21:50:37-07:00,1,35
projects/projects.js,75,js,bfafd835,Diego Menchaca,2026-04-30,21:50:37,-07:00,2026-04-30T21:50:37-07:00,1,48
projects/projects.js,76,js,bfafd835,Diego Menchaca,2026-04-30,21:50:37,-07:00,2026-04-30T21:50:37-07:00,1,58
projects/projects.js,77,js,9df0a019,Diego Menchaca,2026-04-30,21:08:15,-07:00,2026-04-30T21:08:15-07:00,0,1
projects/index.html,1,html,6b1da9e0,Diego Menchaca,2026-04-03,17:20:01,-07:00,2026-04-03T17:20:01-07:00,0,13
projects/index.html,2,html,6b1da9e0,Diego Menchaca,2026-04-03,17:20:01,-07:00,2026-04-03T17:20:01-07:00,0,14
projects/index.html,3,html,6b1da9e0,Diego Menchaca,2026-04-03,17:20:01,-07:00,2026-04-03T17:20:01-07:00,0,4
projects/index.html,4,html,6b1da9e0,Diego Menchaca,2026-04-03,17:20:01,-07:00,2026-04-03T17:20:01-07:00,2,20
projects/index.html,5,html,6b1da9e0,Diego Menchaca,2026-04-03,17:20:01,-07:00,2026-04-03T17:20:01-07:00,2,68
projects/index.html,6,html,6b1da9e0,Diego Menchaca,2026-04-03,17:20:01,-07:00,2026-04-03T17:20:01-07:00,2,41
projects/index.html,7,html,6b1da9e0,Diego Menchaca,2026-04-03,17:20:01,-07:00,2026-04-03T17:20:01-07:00,2,21
projects/index.html,8,html,6b1da9e0,Diego Menchaca,2026-04-03,17:20:01,-07:00,2026-04-03T17:20:01-07:00,0,5
projects/index.html,9,html,3762818f,Diego Menchaca,2026-04-15,14:33:08,-07:00,2026-04-15T14:33:08-07:00,0,0
projects/index.html,10,html,3762818f,Diego Menchaca,2026-04-15,14:33:08,-07:00,2026-04-15T14:33:08-07:00,0,48
projects/index.html,11,html,3762818f,Diego Menchaca,2026-04-15,14:33:08,-07:00,2026-04-15T14:33:08-07:00,0,0
projects/index.html,12,html,6b1da9e0,Diego Menchaca,2026-04-03,17:20:01,-07:00,2026-04-03T17:20:01-07:00,0,4
projects/index.html,13,html,a70199f0,Diego Menchaca,2026-04-22,18:44:01,-07:00,2026-04-22T18:44:01-07:00,2,38
projects/index.html,14,html,93b2a8ed,Diego Menchaca,2026-04-30,21:45:04,-07:00,2026-04-30T21:45:04-07:00,2,21
projects/index.html,15,html,93b2a8ed,Diego Menchaca,2026-04-30,21:45:04,-07:00,2026-04-30T21:45:04-07:00,3,58
projects/index.html,16,html,93b2a8ed,Diego Menchaca,2026-04-30,21:45:04,-07:00,2026-04-30T21:45:04-07:00,3,22
projects/index.html,17,html,93b2a8ed,Diego Menchaca,2026-04-30,21:45:04,-07:00,2026-04-30T21:45:04-07:00,2,4
projects/index.html,18,html,93b2a8ed,Diego Menchaca,2026-04-30,21:45:04,-07:00,2026-04-30T21:45:04-07:00,2,4
projects/index.html,19,html,93b2a8ed,Diego Menchaca,2026-04-30,21:45:04,-07:00,2026-04-30T21:45:04-07:00,3,15
projects/index.html,20,html,93b2a8ed,Diego Menchaca,2026-04-30,21:45:04,-07:00,2026-04-30T21:45:04-07:00,3,11
projects/index.html,21,html,93b2a8ed,Diego Menchaca,2026-04-30,21:45:04,-07:00,2026-04-30T21:45:04-07:00,3,26
projects/index.html,22,html,93b2a8ed,Diego Menchaca,2026-04-30,21:45:04,-07:00,2026-04-30T21:45:04-07:00,3,31
projects/index.html,23,html,93b2a8ed,Diego Menchaca,2026-04-30,21:45:04,-07:00,2026-04-30T21:45:04-07:00,2,0
projects/index.html,24,html,a70199f0,Diego Menchaca,2026-04-22,18:44:01,-07:00,2026-04-22T18:44:01-07:00,2,26
projects/index.html,25,html,6b1da9e0,Diego Menchaca,2026-04-03,17:20:01,-07:00,2026-04-03T17:20:01-07:00,0,0
projects/index.html,26,html,a70199f0,Diego Menchaca,2026-04-22,18:44:01,-07:00,2026-04-22T18:44:01-07:00,2,47
projects/index.html,27,html,6b1da9e0,Diego Menchaca,2026-04-03,17:20:01,-07:00,2026-04-03T17:20:01-07:00,0,5
projects/index.html,28,html,a70199f0,Diego Menchaca,2026-04-22,18:44:01,-07:00,2026-04-22T18:44:01-07:00,0,5
cv/index.html,1,html,6b1da9e0,Diego Menchaca,2026-04-03,17:20:01,-07:00,2026-04-03T17:20:01-07:00,0,13
cv/index.html,2,html,6b1da9e0,Diego Menchaca,2026-04-03,17:20:01,-07:00,2026-04-03T17:20:01-07:00,0,14
cv/index.html,3,html,6b1da9e0,Diego Menchaca,2026-04-03,17:20:01,-07:00,2026-04-03T17:20:01-07:00,0,4
cv/index.html,4,html,6b1da9e0,Diego Menchaca,2026-04-03,17:20:01,-07:00,2026-04-03T17:20:01-07:00,2,20
cv/index.html,5,html,6b1da9e0,Diego Menchaca,2026-04-03,17:20:01,-07:00,2026-04-03T17:20:01-07:00,2,68
cv/index.html,6,html,6b1da9e0,Diego Menchaca,2026-04-03,17:20:01,-07:00,2026-04-03T17:20:01-07:00,2,41
cv/index.html,7,html,6b1da9e0,Diego Menchaca,2026-04-03,17:20:01,-07:00,2026-04-03T17:20:01-07:00,2,32
cv/index.html,8,html,6b1da9e0,Diego Menchaca,2026-04-03,17:20:01,-07:00,2026-04-03T17:20:01-07:00,0,5
cv/index.html,9,html,3762818f,Diego Menchaca,2026-04-15,14:33:08,-07:00,2026-04-15T14:33:08-07:00,0,0
cv/index.html,10,html,3762818f,Diego Menchaca,2026-04-15,14:33:08,-07:00,2026-04-15T14:33:08-07:00,0,48
cv/index.html,11,html,3762818f,Diego Menchaca,2026-04-15,14:33:08,-07:00,2026-04-15T14:33:08-07:00,0,0
cv/index.html,12,html,3762818f,Diego Menchaca,2026-04-15,14:33:08,-07:00,2026-04-15T14:33:08-07:00,0,0
cv/index.html,13,html,6b1da9e0,Diego Menchaca,2026-04-03,17:20:01,-07:00,2026-04-03T17:20:01-07:00,0,4
cv/index.html,14,html,3762818f,Diego Menchaca,2026-04-15,14:33:08,-07:00,2026-04-15T14:33:08-07:00,2,8
cv/index.html,15,html,6b1da9e0,Diego Menchaca,2026-04-03,17:20:01,-07:00,2026-04-03T17:20:01-07:00,4,20
cv/index.html,16,html,6b1da9e0,Diego Menchaca,2026-04-03,17:20:01,-07:00,2026-04-03T17:20:01-07:00,4,33
cv/index.html,17,html,6b1da9e0,Diego Menchaca,2026-04-03,17:20:01,-07:00,2026-04-03T17:20:01-07:00,4,31
cv/index.html,18,html,3762818f,Diego Menchaca,2026-04-15,14:33:08,-07:00,2026-04-15T14:33:08-07:00,4,17
cv/index.html,19,html,6b1da9e0,Diego Menchaca,2026-04-03,17:20:01,-07:00,2026-04-03T17:20:01-07:00,4,67
cv/index.html,20,html,3762818f,Diego Menchaca,2026-04-15,14:33:08,-07:00,2026-04-15T14:33:08-07:00,2,8
cv/index.html,21,html,6b1da9e0,Diego Menchaca,2026-04-03,17:20:01,-07:00,2026-04-03T17:20:01-07:00,0,0
cv/index.html,22,html,6b1da9e0,Diego Menchaca,2026-04-03,17:20:01,-07:00,2026-04-03T17:20:01-07:00,2,6
cv/index.html,23,html,6b1da9e0,Diego Menchaca,2026-04-03,17:20:01,-07:00,2026-04-03T17:20:01-07:00,4,23
cv/index.html,24,html,6b1da9e0,Diego Menchaca,2026-04-03,17:20:01,-07:00,2026-04-03T17:20:01-07:00,4,90
cv/index.html,25,html,6b1da9e0,Diego Menchaca,2026-04-03,17:20:01,-07:00,2026-04-03T17:20:01-07:00,2,7
cv/index.html,26,html,6b1da9e0,Diego Menchaca,2026-04-03,17:20:01,-07:00,2026-04-03T17:20:01-07:00,0,0
cv/index.html,27,html,68c6fc2e,Diego Menchaca,2026-04-05,11:57:28,-07:00,2026-04-05T11:57:28-07:00,2,15
cv/index.html,28,html,68c6fc2e,Diego Menchaca,2026-04-05,11:57:28,-07:00,2026-04-05T11:57:28-07:00,4,7
cv/index.html,29,html,68c6fc2e,Diego Menchaca,2026-04-05,11:57:28,-07:00,2026-04-05T11:57:28-07:00,6,6
cv/index.html,30,html,68c6fc2e,Diego Menchaca,2026-04-05,11:57:28,-07:00,2026-04-05T11:57:28-07:00,6,16
cv/index.html,31,html,68c6fc2e,Diego Menchaca,2026-04-05,11:57:28,-07:00,2026-04-05T11:57:28-07:00,6,7
cv/index.html,32,html,6b1da9e0,Diego Menchaca,2026-04-03,17:20:01,-07:00,2026-04-03T17:20:01-07:00,0,0
cv/index.html,33,html,68c6fc2e,Diego Menchaca,2026-04-05,11:57:28,-07:00,2026-04-05T11:57:28-07:00,6,7
cv/index.html,34,html,68c6fc2e,Diego Menchaca,2026-04-05,11:57:28,-07:00,2026-04-05T11:57:28-07:00,6,6
cv/index.html,35,html,68c6fc2e,Diego Menchaca,2026-04-05,11:57:28,-07:00,2026-04-05T11:57:28-07:00,8,27
cv/index.html,36,html,68c6fc2e,Diego Menchaca,2026-04-05,11:57:28,-07:00,2026-04-05T11:57:28-07:00,8,57
cv/index.html,37,html,68c6fc2e,Diego Menchaca,2026-04-05,11:57:28,-07:00,2026-04-05T11:57:28-07:00,6,7
cv/index.html,38,html,68c6fc2e,Diego Menchaca,2026-04-05,11:57:28,-07:00,2026-04-05T11:57:28-07:00,6,1
cv/index.html,39,html,68c6fc2e,Diego Menchaca,2026-04-05,11:57:28,-07:00,2026-04-05T11:57:28-07:00,8,40
cv/index.html,40,html,68c6fc2e,Diego Menchaca,2026-04-05,11:57:28,-07:00,2026-04-05T11:57:28-07:00,8,49
cv/index.html,41,html,68c6fc2e,Diego Menchaca,2026-04-05,11:57:28,-07:00,2026-04-05T11:57:28-07:00,6,2
cv/index.html,42,html,68c6fc2e,Diego Menchaca,2026-04-05,11:57:28,-07:00,2026-04-05T11:57:28-07:00,6,2
cv/index.html,43,html,68c6fc2e,Diego Menchaca,2026-04-05,11:57:28,-07:00,2026-04-05T11:57:28-07:00,8,46
cv/index.html,44,html,68c6fc2e,Diego Menchaca,2026-04-05,11:57:28,-07:00,2026-04-05T11:57:28-07:00,8,55
cv/index.html,45,html,68c6fc2e,Diego Menchaca,2026-04-05,11:57:28,-07:00,2026-04-05T11:57:28-07:00,6,3
cv/index.html,46,html,68c6fc2e,Diego Menchaca,2026-04-05,11:57:28,-07:00,2026-04-05T11:57:28-07:00,6,8
cv/index.html,47,html,68c6fc2e,Diego Menchaca,2026-04-05,11:57:28,-07:00,2026-04-05T11:57:28-07:00,4,8
cv/index.html,48,html,6b1da9e0,Diego Menchaca,2026-04-03,17:20:01,-07:00,2026-04-03T17:20:01-07:00,0,0
cv/index.html,49,html,68c6fc2e,Diego Menchaca,2026-04-05,11:57:28,-07:00,2026-04-05T11:57:28-07:00,4,22
cv/index.html,50,html,68c6fc2e,Diego Menchaca,2026-04-05,11:57:28,-07:00,2026-04-05T11:57:28-07:00,6,6
cv/index.html,51,html,68c6fc2e,Diego Menchaca,2026-04-05,11:57:28,-07:00,2026-04-05T11:57:28-07:00,6,13
cv/index.html,52,html,68c6fc2e,Diego Menchaca,2026-04-05,11:57:28,-07:00,2026-04-05T11:57:28-07:00,6,7
cv/index.html,53,html,68c6fc2e,Diego Menchaca,2026-04-05,11:57:28,-07:00,2026-04-05T11:57:28-07:00,6,2
cv/index.html,54,html,68c6fc2e,Diego Menchaca,2026-04-05,11:57:28,-07:00,2026-04-05T11:57:28-07:00,8,13
cv/index.html,55,html,68c6fc2e,Diego Menchaca,2026-04-05,11:57:28,-07:00,2026-04-05T11:57:28-07:00,8,10
cv/index.html,56,html,68c6fc2e,Diego Menchaca,2026-04-05,11:57:28,-07:00,2026-04-05T11:57:28-07:00,8,8
cv/index.html,57,html,68c6fc2e,Diego Menchaca,2026-04-05,11:57:28,-07:00,2026-04-05T11:57:28-07:00,8,11
cv/index.html,58,html,68c6fc2e,Diego Menchaca,2026-04-05,11:57:28,-07:00,2026-04-05T11:57:28-07:00,8,10
cv/index.html,59,html,68c6fc2e,Diego Menchaca,2026-04-05,11:57:28,-07:00,2026-04-05T11:57:28-07:00,8,14
cv/index.html,60,html,68c6fc2e,Diego Menchaca,2026-04-05,11:57:28,-07:00,2026-04-05T11:57:28-07:00,8,17
cv/index.html,61,html,68c6fc2e,Diego Menchaca,2026-04-05,11:57:28,-07:00,2026-04-05T11:57:28-07:00,8,20
cv/index.html,62,html,68c6fc2e,Diego Menchaca,2026-04-05,11:57:28,-07:00,2026-04-05T11:57:28-07:00,8,20
cv/index.html,63,html,68c6fc2e,Diego Menchaca,2026-04-05,11:57:28,-07:00,2026-04-05T11:57:28-07:00,8,27
cv/index.html,64,html,68c6fc2e,Diego Menchaca,2026-04-05,11:57:28,-07:00,2026-04-05T11:57:28-07:00,6,3
cv/index.html,65,html,68c6fc2e,Diego Menchaca,2026-04-05,11:57:28,-07:00,2026-04-05T11:57:28-07:00,4,8
cv/index.html,66,html,6b1da9e0,Diego Menchaca,2026-04-03,17:20:01,-07:00,2026-04-03T17:20:01-07:00,0,0
cv/index.html,67,html,68c6fc2e,Diego Menchaca,2026-04-05,11:57:28,-07:00,2026-04-05T11:57:28-07:00,4,7
cv/index.html,68,html,68c6fc2e,Diego Menchaca,2026-04-05,11:57:28,-07:00,2026-04-05T11:57:28-07:00,6,6
cv/index.html,69,html,68c6fc2e,Diego Menchaca,2026-04-05,11:57:28,-07:00,2026-04-05T11:57:28-07:00,6,16
cv/index.html,70,html,68c6fc2e,Diego Menchaca,2026-04-05,11:57:28,-07:00,2026-04-05T11:57:28-07:00,6,7
cv/index.html,71,html,68c6fc2e,Diego Menchaca,2026-04-05,11:57:28,-07:00,2026-04-05T11:57:28-07:00,6,1
cv/index.html,72,html,68c6fc2e,Diego Menchaca,2026-04-05,11:57:28,-07:00,2026-04-05T11:57:28-07:00,6,118
cv/index.html,73,html,68c6fc2e,Diego Menchaca,2026-04-05,11:57:28,-07:00,2026-04-05T11:57:28-07:00,6,2
cv/index.html,74,html,68c6fc2e,Diego Menchaca,2026-04-05,11:57:28,-07:00,2026-04-05T11:57:28-07:00,4,8
cv/index.html,75,html,68c6fc2e,Diego Menchaca,2026-04-05,11:57:28,-07:00,2026-04-05T11:57:28-07:00,2,5
cv/index.html,76,html,6b1da9e0,Diego Menchaca,2026-04-03,17:20:01,-07:00,2026-04-03T17:20:01-07:00,0,5
cv/index.html,77,html,68c6fc2e,Diego Menchaca,2026-04-05,11:57:28,-07:00,2026-04-05T11:57:28-07:00,0,5
contact/index.html,1,html,6b1da9e0,Diego Menchaca,2026-04-03,17:20:01,-07:00,2026-04-03T17:20:01-07:00,0,13
contact/index.html,2,html,6b1da9e0,Diego Menchaca,2026-04-03,17:20:01,-07:00,2026-04-03T17:20:01-07:00,0,14
contact/index.html,3,html,6b1da9e0,Diego Menchaca,2026-04-03,17:20:01,-07:00,2026-04-03T17:20:01-07:00,0,4
contact/index.html,4,html,6b1da9e0,Diego Menchaca,2026-04-03,17:20:01,-07:00,2026-04-03T17:20:01-07:00,2,20
contact/index.html,5,html,6b1da9e0,Diego Menchaca,2026-04-03,17:20:01,-07:00,2026-04-03T17:20:01-07:00,2,68
contact/index.html,6,html,6b1da9e0,Diego Menchaca,2026-04-03,17:20:01,-07:00,2026-04-03T17:20:01-07:00,2,41
contact/index.html,7,html,6b1da9e0,Diego Menchaca,2026-04-03,17:20:01,-07:00,2026-04-03T17:20:01-07:00,2,20
contact/index.html,8,html,6b1da9e0,Diego Menchaca,2026-04-03,17:20:01,-07:00,2026-04-03T17:20:01-07:00,0,5
contact/index.html,9,html,3762818f,Diego Menchaca,2026-04-15,14:33:08,-07:00,2026-04-15T14:33:08-07:00,0,0
contact/index.html,10,html,3762818f,Diego Menchaca,2026-04-15,14:33:08,-07:00,2026-04-15T14:33:08-07:00,0,48
contact/index.html,11,html,3762818f,Diego Menchaca,2026-04-15,14:33:08,-07:00,2026-04-15T14:33:08-07:00,0,0
contact/index.html,12,html,6b1da9e0,Diego Menchaca,2026-04-03,17:20:01,-07:00,2026-04-03T17:20:01-07:00,0,4
contact/index.html,13,html,3762818f,Diego Menchaca,2026-04-15,14:33:08,-07:00,2026-04-15T14:33:08-07:00,2,8
contact/index.html,14,html,6b1da9e0,Diego Menchaca,2026-04-03,17:20:01,-07:00,2026-04-03T17:20:01-07:00,4,20
contact/index.html,15,html,6b1da9e0,Diego Menchaca,2026-04-03,17:20:01,-07:00,2026-04-03T17:20:01-07:00,4,33
contact/index.html,16,html,6b1da9e0,Diego Menchaca,2026-04-03,17:20:01,-07:00,2026-04-03T17:20:01-07:00,4,22
contact/index.html,17,html,6b1da9e0,Diego Menchaca,2026-04-03,17:20:01,-07:00,2026-04-03T17:20:01-07:00,4,21
contact/index.html,18,html,6b1da9e0,Diego Menchaca,2026-04-03,17:20:01,-07:00,2026-04-03T17:20:01-07:00,4,67
contact/index.html,19,html,3762818f,Diego Menchaca,2026-04-15,14:33:08,-07:00,2026-04-15T14:33:08-07:00,2,8
contact/index.html,20,html,6b1da9e0,Diego Menchaca,2026-04-03,17:20:01,-07:00,2026-04-03T17:20:01-07:00,0,0
contact/index.html,21,html,6b1da9e0,Diego Menchaca,2026-04-03,17:20:01,-07:00,2026-04-03T17:20:01-07:00,2,14
contact/index.html,22,html,6b1da9e0,Diego Menchaca,2026-04-03,17:20:01,-07:00,2026-04-03T17:20:01-07:00,0,0
contact/index.html,23,html,7be6c41a,Diego Menchaca,2026-04-03,22:37:05,-07:00,2026-04-03T22:37:05-07:00,2,3
contact/index.html,24,html,7be6c41a,Diego Menchaca,2026-04-03,22:37:05,-07:00,2026-04-03T22:37:05-07:00,2,36
contact/index.html,25,html,7be6c41a,Diego Menchaca,2026-04-03,22:37:05,-07:00,2026-04-03T22:37:05-07:00,2,11
contact/index.html,26,html,7be6c41a,Diego Menchaca,2026-04-03,22:37:05,-07:00,2026-04-03T22:37:05-07:00,2,18
contact/index.html,27,html,7be6c41a,Diego Menchaca,2026-04-03,22:37:05,-07:00,2026-04-03T22:37:05-07:00,1,0
contact/index.html,28,html,6b1da9e0,Diego Menchaca,2026-04-03,17:20:01,-07:00,2026-04-03T17:20:01-07:00,2,5
contact/index.html,29,html,470e5857,Diego Menchaca,2026-04-04,20:04:16,-07:00,2026-04-04T20:04:16-07:00,3,4
contact/index.html,30,html,470e5857,Diego Menchaca,2026-04-04,20:04:16,-07:00,2026-04-04T20:04:16-07:00,3,4
contact/index.html,31,html,470e5857,Diego Menchaca,2026-04-04,20:04:16,-07:00,2026-04-04T20:04:16-07:00,4,10
contact/index.html,32,html,470e5857,Diego Menchaca,2026-04-04,20:04:16,-07:00,2026-04-04T20:04:16-07:00,4,10
contact/index.html,33,html,470e5857,Diego Menchaca,2026-04-04,20:04:16,-07:00,2026-04-04T20:04:16-07:00,4,6
contact/index.html,34,html,470e5857,Diego Menchaca,2026-04-04,20:04:16,-07:00,2026-04-04T20:04:16-07:00,3,0
contact/index.html,35,html,6b1da9e0,Diego Menchaca,2026-04-03,17:20:01,-07:00,2026-04-03T17:20:01-07:00,2,6
contact/index.html,36,html,6b1da9e0,Diego Menchaca,2026-04-03,17:20:01,-07:00,2026-04-03T17:20:01-07:00,0,0
contact/index.html,37,html,6b1da9e0,Diego Menchaca,2026-04-03,17:20:01,-07:00,2026-04-03T17:20:01-07:00,2,5
contact/index.html,38,html,470e5857,Diego Menchaca,2026-04-04,20:04:16,-07:00,2026-04-04T20:04:16-07:00,3,6
contact/index.html,39,html,470e5857,Diego Menchaca,2026-04-04,20:04:16,-07:00,2026-04-04T20:04:16-07:00,3,4
contact/index.html,40,html,470e5857,Diego Menchaca,2026-04-04,20:04:16,-07:00,2026-04-04T20:04:16-07:00,4,12
contact/index.html,41,html,470e5857,Diego Menchaca,2026-04-04,20:04:16,-07:00,2026-04-04T20:04:16-07:00,4,6
contact/index.html,42,html,470e5857,Diego Menchaca,2026-04-04,20:04:16,-07:00,2026-04-04T20:04:16-07:00,3,0
contact/index.html,43,html,6b1da9e0,Diego Menchaca,2026-04-03,17:20:01,-07:00,2026-04-03T17:20:01-07:00,2,6
contact/index.html,44,html,6b1da9e0,Diego Menchaca,2026-04-03,17:20:01,-07:00,2026-04-03T17:20:01-07:00,0,0
contact/index.html,45,html,6b1da9e0,Diego Menchaca,2026-04-03,17:20:01,-07:00,2026-04-03T17:20:01-07:00,2,5
contact/index.html,46,html,470e5857,Diego Menchaca,2026-04-04,20:04:16,-07:00,2026-04-04T20:04:16-07:00,3,6
contact/index.html,47,html,6b1da9e0,Diego Menchaca,2026-04-03,17:20:01,-07:00,2026-04-03T17:20:01-07:00,3,31
contact/index.html,48,html,6b1da9e0,Diego Menchaca,2026-04-03,17:20:01,-07:00,2026-04-03T17:20:01-07:00,2,6
contact/index.html,49,html,6b1da9e0,Diego Menchaca,2026-04-03,17:20:01,-07:00,2026-04-03T17:20:01-07:00,0,0
contact/index.html,50,html,7be6c41a,Diego Menchaca,2026-04-03,22:37:05,-07:00,2026-04-03T22:37:05-07:00,2,19
contact/index.html,51,html,6b1da9e0,Diego Menchaca,2026-04-03,17:20:01,-07:00,2026-04-03T17:20:01-07:00,1,5
contact/index.html,52,html,6b1da9e0,Diego Menchaca,2026-04-03,17:20:01,-07:00,2026-04-03T17:20:01-07:00,0,0
contact/index.html,53,html,6b1da9e0,Diego Menchaca,2026-04-03,17:20:01,-07:00,2026-04-03T17:20:01-07:00,0,5
contact/index.html,54,html,6b1da9e0,Diego Menchaca,2026-04-03,17:20:01,-07:00,2026-04-03T17:20:01-07:00,0,5
